Probe ID,Gene ID,Gene Symbol,bmdl,bmd,bmdu,Unadjusted P-Value,Adjusted P-Value,Max Fold Change,Max Fold Change Unsigned,FC Dose Level 1,FC Dose Level 2,FC Dose Level 3,FC Dose Level 4,FC Dose Level 5,FC Dose Level 6,FC Dose Level 7
A2M_12371,2,a2m,11.84833902,12.59423982,13.46883854,4.24E-12,2.27E-10,-3.3586822,3.3586822,1.0068685,1.0822828,-1.0984102,-1.0080366,-1.140443,-1.7907462,-3.3586822
AARS_3,,aars,14.51156709,17.07251448,21.2671017,0.00011014,0.000813619,1.9806904,1.9806904,1.1095622,1.017501,1.0606482,1.2266288,-1.1324985,1.3285325,1.9806904
AATF_26432,26574,aatf,15.29675844,16.9517659,21.47025826,5.00E-05,0.000390386,1.9465423,1.9465423,1.1302146,-1.659629,-1.1820562,-1.6314964,-1.1954265,-1.3261287,1.9465423
ABCA6_22690,23460,abca6,9.776147519,12.24926278,14.27421557,9.94E-12,4.69E-10,-6.945069,6.945069,-1.0660126,-1.1441017,-1.1287918,-1.1506993,-1.4238715,-1.5446931,-6.945069
ABCA6_28368,23460,abca6,7.16821921,7.708034165,8.370944733,1.53E-10,4.72E-09,-4.441841,4.441841,-1.0009716,-1.1238328,-1.1475841,-1.2611928,-1.3625787,-1.9892869,-4.441841
ABCB1_12,5243,abcb1,9.374178055,10.56850806,12.22464753,1.27E-06,1.57E-05,2.8085885,2.8085885,1.1565013,1.0911578,1.0274014,1.1350696,1.0209076,1.6427584,2.8085885
ABCC2_22,1244,abcc2,13.13867678,14.81772969,17.09421482,1.05E-06,1.34E-05,2.6409104,2.6409104,1.0647299,-1.0786837,-1.0024455,1.1635687,-1.0408651,1.5299873,2.6409104
ABCC2_26620,1244,abcc2,12.13480182,13.95455793,16.67491778,1.32E-05,0.000119587,2.4231987,2.4231987,-1.1339226,-1.0808886,-1.1696942,1.1326594,-1.23615,1.4870818,2.4231987
ABCG2_25072,9429,abcg2,7.372515649,9.194396795,13.1494172,0.013558352,0.04481245,3.5130842,3.5130842,1.209347,-1.35831,-1.2779311,-1.0008279,1.0410745,-1.122238,3.5130842
ACADL_23253,33,acadl,12.62434988,15.17675724,19.38555777,0.005225438,0.020631471,-1.8824692,1.8824692,1.0275546,1.0550117,-1.1251664,1.0272126,-1.2103846,-1.4878045,-1.8824692
ACADVL_20681,37,acadvl,17.66872242,20.8522324,25.66198849,1.48E-06,1.78E-05,1.7796758,1.7796758,1.0105572,1.0402296,-1.1238151,1.1439962,1.0366127,1.7796758,1.6626091
ACAT1_22692,38,acat1,63.14498063,149.0713249,1319.890757,3.20E-07,4.71E-06,1.6473391,1.6473391,-1.0280887,1.2073212,1.0012753,1.2951399,1.2218581,1.6473391,-1.1041044
ACAT2_56,39,acat2,7.270458604,7.550942128,7.843635255,0,0,-5.245535,5.245535,-1.0039177,-1.1231897,1.0281777,-1.0568084,-1.0626886,-2.6632502,-5.245535
ACOX1_20713,51,acox1,28.83695001,36.38727904,51.16323152,7.44E-07,9.95E-06,1.6710149,1.6710149,1.0593424,1.1961695,1.0353951,1.3005533,1.0923886,1.6710149,1.3653575
ACSL1_75,2180,acsl1,38.46874961,56.16774577,116.6666772,0.000286428,0.001822,1.524967,1.524967,-1.0700117,-1.0335099,1.0595007,1.2329485,1.4219866,1.524967,1.2272753
ACSL5_23312,51703,acsl5,16.30223064,19.22067894,23.69453012,3.60E-05,0.00028688,1.8830379,1.8830379,1.0618811,1.096487,1.0258809,1.0341119,1.3741122,1.3704801,1.8830379
ACTL6A_19294,86,actl6a,20.86175176,26.3494229,38.74058188,0.015487773,0.049455975,1.5587004,1.5587004,1.1772414,1.110892,1.1013789,-1.044888,-1.0975897,1.1588457,1.5587004
ADH1A_126,124,adh1a,13.54476888,14.22933515,14.97482573,1.19E-14,1.27E-12,-4.023166,4.023166,-1.0315393,-1.0987602,1.025159,-1.0830888,-1.2954601,-1.5679339,-4.023166
ADH1A_26384,124,adh1a;adh1b,16.36736393,17.5492744,18.93725607,1.98E-11,8.21E-10,-3.4043283,3.4043283,-1.1706504,-1.1708128,-1.0023063,-1.1487476,-1.2587744,-1.5816134,-3.4043283
ADH1B_20117,125,adh1b,16.36575447,17.4004087,18.63070248,1.98E-12,1.22E-10,-3.4362867,3.4362867,-1.1111348,-1.1344886,-1.0421071,-1.1790634,-1.2644112,-1.5470608,-3.4362867
AGL_162,178,agl,3.777719528,5.702799346,9.997941117,1.64E-05,0.000143288,-2.064419,2.064419,-1.068767,-1.0715418,1.1028699,-1.0923201,-1.3309281,-2.064419,-1.6489663
AHCY_174,,ahcy,20.97760001,26.46170504,37.81928268,0.011018319,0.038396445,1.5116075,1.5116075,1.2017984,-1.0287519,1.0705565,1.0572423,1.0044053,1.2873698,1.5116075
AHSA1_24801,10598,ahsa1,22.34333508,26.49937693,32.98903432,0.000437937,0.002679441,1.609739,1.609739,1.131077,1.0456532,1.0435264,1.0862787,1.0500566,1.2460663,1.609739
AKAP8L_196,26993,akap8l,18.00948972,43.31758812,352.6586161,0.001324392,0.006761149,-3.207053,3.207053,1.218806,1.2333663,-3.207053,1.5601791,1.0745702,1.475559,-1.1049627
AKR1B10_19908,57016,akr1b10,7.818413457,8.725798662,9.864169531,1.20E-08,2.52E-07,5.39436,5.39436,1.0804964,-1.0454576,-1.1920295,1.1499791,1.0088099,2.009988,5.39436
AKR1C2_28246,1646,akr1c2,12.36447187,13.67067105,15.07143949,2.94E-09,7.37E-08,3.2402496,3.2402496,-1.0813568,-1.3185467,-1.325312,-1.309571,-1.3996503,1.3169718,3.2402496
AKR1C3_203,8644,akr1c3,10.70358016,11.79985767,13.15551412,8.24E-09,1.87E-07,3.89941,3.89941,1.2872711,1.0894392,1.0579302,-1.0201659,1.0176482,1.6550145,3.89941
AKR1C3_26820,8644,akr1c3;akr1c1;akr1c4;akr1c2,13.57243754,14.86836382,16.37734059,4.44E-07,6.41E-06,3.065913,3.065913,-1.0078994,-1.0945129,-1.1104189,-1.0624014,-1.3277445,1.2929825,3.065913
ALAS1_28273,211,alas1,15.35539916,17.74975086,21.14973201,2.08E-06,2.34E-05,2.0233254,2.0233254,1.1311182,-1.0215116,1.2411225,1.0956719,1.3091747,1.5191746,2.0233254
ALB_217,213,alb,18.31299683,19.28261471,20.36440947,2.66E-15,3.56E-13,-3.034977,3.034977,-1.0013269,1.0199077,-1.0329218,1.0309265,-1.1528805,-1.7733028,-3.034977
ALDH3A2_26575,224,aldh3a2,24.45578481,30.02715737,39.79105315,0.000155398,0.00107837,1.5494598,1.5494598,1.0834919,1.2241906,1.0553207,1.2170827,1.1110342,1.4697042,1.5494598
ANO10_292,55129,ano10,7.954021804,9.191950523,10.95897213,2.47E-06,2.75E-05,2.9795258,2.9795258,-1.1875017,1.112311,1.1094137,1.2405647,1.1844019,1.4379756,2.9795258
ANXA5_14212,308,anxa5,27.02790102,32.21334385,41.02516802,0.001074394,0.005760047,1.5908396,1.5908396,1.0183387,-1.0500177,-1.0213205,-1.0843868,1.1643643,1.1061506,1.5908396
APOA1_26063,,apoa1,13.67231449,15.03905705,16.57814245,9.25E-11,2.97E-09,-3.0735795,3.0735795,1.0718439,1.0696533,1.1662785,1.0542177,-1.117304,-2.2992256,-3.0735795
APOE_358,348,apoe,30.37712175,37.80787692,51.50792916,0.014940704,0.047899896,-1.5425667,1.5425667,-1.00136,1.0591589,1.001495,1.0053216,-1.2160662,-1.1451772,-1.5425667
AQP9_378,366,aqp9,16.85107861,19.22592103,22.81450159,3.25E-06,3.46E-05,-2.0287442,2.0287442,-1.1420407,-1.2313432,-1.2019342,-1.2515643,1.1018544,-1.3498601,-2.0287442
ARF4_391,,arf4,21.31869602,26.61025552,37.26084276,0.006694048,0.025130113,1.6783345,1.6783345,1.0823938,1.274518,1.049908,1.1053495,-1.006794,1.2418102,1.6783345
ARHGEF2_423,9181,arhgef2,4.664042976,5.909832907,8.154354411,0.000426452,0.002619167,3.387294,3.387294,1.502905,1.1061046,1.1100423,1.4671731,2.073065,2.4803293,3.387294
ASS1_10887,445,ass1,23.13614542,26.40965531,31.38218029,8.99E-07,1.17E-05,1.6592098,1.6592098,1.105872,1.1658477,1.0319656,1.1100093,-1.0370425,1.4681088,1.6592098
ATF4_500,,atf4,20.44309857,22.21087163,24.52473137,8.32E-09,1.87E-07,1.8875344,1.8875344,1.0648791,-1.0479105,-1.0371974,-1.0290283,-1.0997304,1.2683406,1.8875344
ATF5_501,22809,atf5,38.35852516,53.98975247,100.3381465,0.000832604,0.004602291,1.5240942,1.5240942,1.0220451,1.1943538,1.2014481,1.0399339,-1.196822,1.5240942,1.2984617
ATIC_507,471,atic,15.23370999,18.27283677,23.16086523,1.84E-06,2.13E-05,1.8284609,1.8284609,1.1499442,1.2313069,-1.3772565,1.0942034,1.0233911,1.2874132,1.8284609
ATP1B1_527,481,atp1b1,20.93120601,26.65792427,39.4244269,0.000730386,0.004122568,1.5985168,1.5985168,1.0017936,-1.1698055,-1.0119008,-1.0141844,1.5985168,-1.3160771,-1.5661149
BAAT_614,570,baat,26.43290144,30.32348103,36.27065758,1.34E-05,0.000120521,-1.8839008,1.8839008,1.0261794,-1.0388092,1.0654212,-1.0298067,-1.3394372,-1.3807154,-1.8839008
BAMBI_634,25805,bambi,15.63769797,16.8411991,18.18191173,1.29E-05,0.000117667,2.363285,2.363285,1.1160333,1.1989573,-1.0052252,1.0715272,1.0212739,1.119576,2.363285
BCL2L1_21647,598,abalon;bcl2l1,18.3805129,20.86004471,24.34763326,2.64E-06,2.91E-05,1.9405438,1.9405438,1.0118915,1.019006,-1.0489029,1.0151744,1.2112598,1.4454559,1.9405438
BDH1_674,622,bdh1,14.46833691,16.02689279,16.98308539,0.001221387,0.006356763,-2.7943532,2.7943532,1.1147768,1.0315853,1.0249175,-1.3902581,1.0089513,1.0904739,-2.7943532
BHLHE40_689,8553,bhlhe40,17.67359638,19.71893795,27.24858575,0.008911515,0.031604333,-1.757862,1.757862,1.2551061,1.2703091,-1.2097138,1.2899634,1.1716571,1.4002519,-1.757862
BLOC1S2_28331,282991,bloc1s2,25.99685459,32.86181367,47.62960727,0.007777347,0.02846367,1.5099897,1.5099897,1.0778164,1.0479512,1.1633457,1.0788164,1.2115777,1.0843847,1.5099897
BPHL_28205,670,bphl,20.0564881,23.10341555,27.54492489,2.52E-05,0.000207193,-1.7464707,1.7464707,-1.0852933,-1.0775328,1.0658355,-1.1272099,-1.1115792,-1.2537984,-1.7464707
C1QB_12721,713,c1qb,4.48175403,6.060545289,9.640632618,3.45E-05,0.000276402,-2.3755357,2.3755357,1.0386437,-1.0106127,1.2558041,-1.5746989,-1.4513912,-2.3755357,-2.2486496
C1QBP_10605,,c1qbp,19.33652235,23.30529062,30.03571032,0.000832143,0.004602291,1.6707819,1.6707819,1.0197358,1.2062595,1.0292603,1.093463,1.0856398,1.440752,1.6707819
C1R_871,715,c1r,16.26325044,17.5229669,18.4738469,2.19E-14,2.19E-12,-3.5837896,3.5837896,-1.0472165,1.0689464,-1.0154636,-1.0305599,-1.410715,-1.2214285,-3.5837896
C1S_20607,716,c1s,16.89299516,18.0050322,19.32650887,2.82E-12,1.62E-10,-2.8365476,2.8365476,-1.0145693,1.0068432,1.0631313,-1.0648109,-1.2943987,-1.3799598,-2.8365476
C3_886,718,c3,21.9732389,22.88033528,24.46241324,2.70E-07,4.12E-06,-1.7739735,1.7739735,1.0331013,1.1406405,-1.0043411,1.1234065,-1.1591352,1.0043385,-1.7739735
C3AR1_16101,719,c3ar1,9.092531604,12.04958396,20.13992241,0.002980915,0.013055757,-2.560832,2.560832,1.1818649,-1.2746941,-1.1546111,-1.2530726,1.6190645,-2.560832,-1.7299296
C5_890,727,c5,23.87502752,26.49710003,32.95707887,0.002252921,0.010259749,-1.5073857,1.5073857,-1.0269313,1.0324105,1.0575527,1.0499593,-1.2278627,1.18098,-1.5073857
CAT_999,847,cat,29.61808484,33.36618324,38.48381194,1.54E-06,1.82E-05,-1.6446495,1.6446495,-1.0342705,-1.0377,1.1129822,1.1325097,1.0461558,-1.2122563,-1.6446495
CAV1_20077,857,cav1,3.69893329,4.9507741,7.895151576,0.002102631,0.009713309,-1.7364452,1.7364452,1.2261237,-1.0029496,-1.0014607,-1.055416,-1.7274059,-1.7364452,-1.6081749
CAV2_15304,858,cav2,31.92879178,80.04317608,658.1189336,0.001571937,0.007684737,-2.3275235,2.3275235,-1.4638,-1.8125572,-1.6491642,-2.043835,-2.3275235,-2.104666,-1.0389465
CCL14_11163,348249,ccl14;ccl15-ccl14,9.528377726,11.19907892,13.85060152,9.09E-05,0.00067511,2.3897178,2.3897178,-1.1478906,-1.2645783,1.1564183,1.0100981,-1.1860605,1.3907958,2.3897178
CCL15_25622,348249,ccl15;ccl15-ccl14,11.25503593,12.49903589,14.1934541,3.32E-13,2.42E-11,3.8114421,3.8114421,-1.0114841,-1.0357217,1.0492849,-1.2318959,-1.2134304,1.4555669,3.8114421
CCNH_1083,,ccnh,15.79444624,18.82783659,23.70458724,0.001192056,0.006224318,1.7046194,1.7046194,1.084736,1.0305777,1.0543302,1.0425774,1.0846151,1.4093611,1.7046194
CCT5_23696,,cct5,22.03646703,24.88668682,29.13821493,2.06E-05,0.000175984,1.7444054,1.7444054,1.0146041,1.0651375,-1.0692581,-1.0206246,-1.0026072,1.1554312,1.7444054
CCT6A_22369,,cct6a,28.26248072,32.73614597,39.2775368,3.80E-06,3.91E-05,1.5996965,1.5996965,1.2012424,1.0606211,1.0363277,-1.0148791,1.0804771,1.2064301,1.5996965
CD163_14001,9332,cd163,2.559740696,3.308406274,4.637850555,2.27E-07,3.56E-06,-3.3152845,3.3152845,1.4027054,1.1439792,1.0989895,-1.149533,-1.4216577,-3.2457786,-3.3152845
CD320_1116,51293,cd320,8.671578521,10.94520302,15.17443957,0.000900416,0.00489277,2.2663996,2.2663996,1.495541,1.2537975,1.1717373,-1.049201,-1.0130671,1.8763214,2.2663996
CD44_1134,960,cd44,13.60692809,17.28379919,25.42611028,0.00474299,0.01905517,2.1129296,2.1129296,1.1296513,-1.0665233,-1.0777786,-1.3383685,1.6838418,1.2008312,2.1129296
CD55_1141,1604,cd55,5.09468551,5.80929088,6.735953554,6.61E-10,1.80E-08,5.2956386,5.2956386,1.2443637,1.0745955,-1.1422609,-1.0534964,1.849798,1.7919333,5.2956386
CD58_1144,965,cd58,20.59732834,25.86087987,36.76112084,0.001575784,0.007684737,1.6178625,1.6178625,1.0113859,1.0830472,1.0531666,-1.1445086,1.3806587,1.1472086,1.6178625
CDK4_1203,1019,tspan31;cdk4,19.93796322,22.64053955,26.43269553,1.65E-06,1.93E-05,1.6450583,1.6450583,1.0214865,1.0021586,1.0400941,1.0414295,1.1569061,1.4148597,1.6450583
CDK7_1216,,cdk7,16.14825784,18.64417891,22.66080214,2.15E-05,0.000182765,1.8389794,1.8389794,1.2686836,1.0580149,-1.0410916,-1.0161442,1.0811298,1.1901599,1.8389794
CFH_27007,3075,cfh,21.85730839,22.85084172,24.50861316,1.35E-06,1.64E-05,-1.7245313,1.7245313,1.0926472,1.1683581,1.1433566,1.1338873,-1.1168492,1.0392061,-1.7245313
CIDEC_20342,63924,cidec,3.36772882,4.019077228,5.134295924,8.39E-09,1.87E-07,4.156539,4.156539,1.3546827,1.2330264,-1.016709,2.257506,1.6124445,2.5728545,4.156539
CLU_15548,1191,clu,18.72413676,19.34423965,19.73732841,4.70E-07,6.69E-06,-1.9511561,1.9511561,1.1247351,1.2689679,1.0475045,1.1792707,-1.045336,1.0779004,-1.9511561
CMSS1_22063,84319,cmss1,7.102056418,8.189763602,9.642289343,1.51E-07,2.54E-06,3.320093,3.320093,1.5255588,1.1946421,1.0485122,1.3508554,1.1000186,1.9786549,3.320093
CNN3_11840,1266,cnn3,27.57508815,31.95032297,38.4428312,1.08E-05,9.90E-05,-1.5847111,1.5847111,1.0496609,1.0892347,-1.0531701,-1.0264657,-1.2274569,-1.121321,-1.5847111
CRP_15847,,crp,7.918522233,11.06342124,19.06908157,0.000523428,0.003114166,4.0914893,4.0914893,1.1267942,1.6469156,1.2232498,1.4869157,1.0812138,4.0914893,2.0028021
CRYZ_1586,1429,cryz,42.26524657,94.85255926,719.6099294,0.001567432,0.007684737,-1.9170545,1.9170545,-1.2621832,-1.5762726,-1.2520939,-1.4244609,-1.9170545,-1.8909138,-1.1053473
CTNNAL1_1630,8727,ctnnal1,17.0723438,19.38157038,25.01125448,0.000289845,0.001836447,1.7127213,1.7127213,1.013479,1.118605,-1.197192,-1.1745927,-1.5320235,-1.0224121,1.7127213
CTSS_25157,1520,ctss,16.87829303,20.165216,25.73690388,2.34E-05,0.000193948,-2.120886,2.120886,-1.1089642,-1.1088499,1.4129287,-1.2754662,1.5032145,-1.7918321,-2.120886
CYBB_23808,1536,cybb,4.881981298,6.25225743,9.224313139,0.000202029,0.001327261,-3.8781676,3.8781676,1.1363109,1.0120165,1.4398504,-3.607934,1.5911919,-3.8781676,-3.4541929
CYP2C8_15146,1558,cyp2c8,13.69942428,16.86358021,22.51218955,0.010462944,0.036620304,-2.6390693,2.6390693,-1.3892058,-1.3084539,1.0143164,-1.1051135,1.0237355,-1.8303106,-2.6390693
CYP2C9_12062,1559,cyp2c9,32.71628884,41.0235573,56.21713678,0.005029843,0.020007043,-1.5244923,1.5244923,-1.0529634,-1.0587263,-1.0354724,-1.0441295,-1.3047918,-1.314202,-1.5244923
CYP2C9_1720,1559,cyp2c9,26.83929377,33.55881564,46.28542356,0.014811963,0.047851606,-1.5238434,1.5238434,-1.0047954,-1.0403107,-1.023515,-1.0727803,-1.2297057,-1.3412147,-1.5238434
CYP2E1_1722,1571,cyp2e1,6.057035165,6.874402929,7.867656338,3.54E-14,3.34E-12,-21.460789,21.460789,-1.3314289,-1.1395266,-1.1093653,-1.2606289,-1.3613561,-3.1146715,-21.460789
CYP39A1_17915,51302,cyp39a1,3.193623337,4.311045512,6.004272855,5.02E-05,0.000390386,-2.922133,2.922133,1.0942211,-1.0097122,1.0471269,-1.2121649,-1.1017207,-2.922133,-2.008709
CYP3A4_20661,,cyp3a4,2.462961758,3.17630229,4.586266712,6.11E-13,4.08E-11,9.450557,9.450557,-1.3268249,-1.1724586,1.1251999,1.5960599,2.482099,4.2428155,9.450557
CYP3A5_27090,1577,cyp3a5,4.424695698,5.510121062,7.501484272,3.75E-13,2.61E-11,6.4814763,6.4814763,-1.1701405,-1.0697544,1.1490308,1.4156895,1.9582506,3.3832695,6.4814763
CYP4A11_15140,,cypa11,15.66234963,17.14301444,18.23078381,9.45E-10,2.48E-08,-3.176228,3.176228,-1.0236543,1.055826,1.1645252,1.2534909,1.2810938,-1.1759623,-3.176228
CYP4A22_22794,,cyp4a22,16.44079706,17.85733346,18.6861341,1.68E-10,5.09E-09,-3.072976,3.072976,-1.0497893,1.0996162,1.267763,1.5027356,1.2537876,-1.03279,-3.072976
CYP4F2_17490,8529,cyp4f2,8.32129347,8.74382376,9.228722123,4.55E-15,5.21E-13,-4.330511,4.330511,-1.10803,1.046829,1.0247579,-1.0891066,-1.2612824,-1.9302206,-4.330511
CYP51A1_1742,,cyp51a1,10.02058769,10.74490762,11.48555773,0,0,-3.7885509,3.7885509,-1.0286032,-1.2184455,-1.0831331,-1.1331178,-1.172206,-2.4664073,-3.7885509
DAD1_1749,1603,dad1,27.18824782,33.04437046,43.80430102,0.003093019,0.013400296,1.5033525,1.5033525,1.0810602,1.0998975,-1.0589042,1.0261482,1.1389648,1.1235988,1.5033525
DDC_18548,1644,ddc,2.64504407,4.080824524,6.997844093,2.05E-06,2.31E-05,-2.3372207,2.3372207,-1.0091704,-1.0058936,-1.062629,-1.2958177,-1.3668472,-2.3372207,-2.0377467
DDC_27100,1644,ddc,4.192046357,5.245535652,7.780660498,2.94E-06,3.21E-05,-2.0654168,2.0654168,-1.0471809,1.1254166,1.0869869,1.022035,-1.4049062,-1.9624174,-2.0654168
DDIT3_16736,1649,ddit3,5.993031495,6.820976561,7.906510532,1.51E-08,3.09E-07,3.8034534,3.8034534,-1.1521428,-1.4607561,-1.0963678,1.2097294,-1.2373366,1.8298248,3.8034534
DDX10_1808,,ddx10,13.76107148,21.01378237,63.29060441,0.014511294,0.04718378,1.5790977,1.5790977,1.5377785,1.4093477,-1.131215,1.0650119,-1.1939632,1.5790977,1.5001322
DHCR7_17139,,dhcr7,7.293308311,8.511149531,10.47482618,0.000800771,0.004457071,-2.55382,2.55382,-1.1669858,1.0063561,1.0068136,1.2551293,1.3569111,-1.6092458,-2.55382
DNTTIP2_1936,30836,dnttip2,18.57621689,21.47995048,26.25795648,8.18E-05,0.000618148,1.6723105,1.6723105,1.2063149,-1.0156745,1.069315,-1.0271991,-1.0123147,1.1521747,1.6723105
DPYS_16757,,dpys,7.756933738,8.118296756,8.507571938,0,0,-6.2435822,6.2435822,-1.1231214,1.0098313,1.0210295,-1.082816,-1.3390682,-2.1980784,-6.2435822
DUSP1_24234,1843,dusp1,8.449762375,9.495504045,10.92849781,7.09E-07,9.59E-06,3.9083648,3.9083648,1.1824001,-1.0586661,1.0123464,1.1549157,1.047382,2.0294993,3.9083648
DYNLT3_2000,6990,dynlt3,22.71798598,26.90702319,33.65238355,0.0007529,0.004234731,1.5798308,1.5798308,1.0235826,-1.0167855,1.0025907,-1.0979013,1.0758595,1.1609864,1.5798308
EAPP_2012,,eapp,19.6251512,33.28697122,171.5535336,0.00618138,0.023480456,-1.8302833,1.8302833,-1.2393644,-1.8302833,1.153779,-1.0342579,-1.6599729,-1.3093971,1.2618299
EBNA1BP2_2014,10969,ebna1bp2,21.36717595,24.89756091,31.32629535,0.001313966,0.006729355,1.5935107,1.5935107,1.0501385,-1.0582757,-1.1184546,-1.0065318,-1.1593629,1.0715152,1.5935107
EBP_2015,10682,ebp,10.19450355,11.37781475,12.62225233,1.41E-11,6.30E-10,-2.8844085,2.8844085,-1.0554687,-1.1511276,-1.0919865,-1.0500891,-1.1399237,-2.2727106,-2.8844085
ECI1_22689,1632,eci1,28.25636141,32.31911896,38.52699111,1.41E-05,0.000126289,1.5370945,1.5370945,1.0978266,-1.0133293,1.1098318,1.0386987,-1.0613955,1.127672,1.5370945
EEF1B2_14833,,eef1b2,18.07250771,19.90020521,22.27368762,4.46E-10,1.25E-08,2.248428,2.248428,1.1961285,1.2103834,1.0834711,1.16786,1.0718446,1.3880492,2.248428
EEF2_2042,1938,eef2,17.77939781,19.26729939,21.07272074,3.31E-11,1.23E-09,2.4459531,2.4459531,1.120774,1.0978208,1.0390345,1.1571784,-1.0131773,1.5335494,2.4459531
EFCAB14_19164,9813,efcab14,30.17922513,73.56161298,605.5091102,0.003888122,0.016146787,-2.082541,2.082541,-1.2189044,-1.7977387,-1.2789176,-1.6451387,-2.082541,-1.9539402,-1.0446987
EIF2S1_2085,1965,eif2s1,23.80656114,29.35625648,39.67361283,0.000579541,0.003365955,1.5507878,1.5507878,1.2236687,1.0619323,-1.0113692,-1.0327443,1.2100978,1.2294838,1.5507878
EIF2S2_2088,8894,eif2s2,14.61091813,15.93604902,17.58077091,1.58E-07,2.58E-06,2.205158,2.205158,-1.0307565,1.0907831,-1.0583384,-1.0120728,1.0578533,1.1955506,2.205158
EIF3E_2094,3646,eif3e,30.30442563,34.28234652,39.85715853,1.17E-06,1.46E-05,1.5875462,1.5875462,1.1371698,1.0279126,1.0266408,1.0700132,1.088312,1.1304268,1.5875462
EIF4B_2106,,eif4b,24.57446959,27.92248932,32.87929141,2.18E-05,0.000184267,1.5420599,1.5420599,1.0606534,-1.0063608,-1.0081666,1.044505,1.0064739,1.1319933,1.5420599
EIF4EBP1_2107,1978,eif4ebp1,13.03055153,13.94140538,14.97407621,7.96E-12,3.87E-10,2.8203616,2.8203616,1.0620446,1.0006752,1.0620509,-1.0010357,1.0479817,1.3766088,2.8203616
ENOPH1_2156,58478,enoph1,12.10679813,14.21819754,17.62174417,0.000112254,0.000822994,2.0423093,2.0423093,1.2005292,1.0278709,-1.1388041,-1.0905542,1.0759587,1.310091,2.0423093
EPHX2_18456,2053,ephx2,11.4156049,12.35187904,13.46583296,5.97E-11,2.08E-09,-2.479376,2.479376,-1.105107,1.0886934,-1.150211,1.0262866,-1.1808169,-1.7713667,-2.479376
EPS8L3_25915,79574,eps8l3,3.354352385,4.596181701,7.971062845,0.006644247,0.025001709,3.4276845,3.4276845,1.3637257,-1.3786091,-1.1104091,1.1024649,1.0257969,3.4276845,2.4343944
ETFA_2244,2108,etfa,27.45051803,30.81090738,35.12939596,5.32E-10,1.47E-08,1.5485413,1.5485413,1.0699114,-1.0022097,-1.0222572,1.0700167,-1.0385482,1.4726158,1.5485413
EVI2B_24023,2124,evi2b,14.33634545,19.11430823,31.62961318,0.007813937,0.02853244,1.7623111,1.7623111,1.0639173,-1.0178629,1.1573204,-1.3050846,1.7623111,-1.6112405,-1.6690041
EXOSC8_21683,,exosc8,14.2800195,18.23129877,26.59365173,0.015322521,0.049025951,1.9158909,1.9158909,1.1596012,1.3145621,1.1630316,1.2055316,1.2223227,1.2597321,1.9158909
F2_2286,2147,f2,19.71905407,22.09758237,25.16276818,5.22E-09,1.25E-07,-1.8760096,1.8760096,1.1771601,1.0249902,1.0024548,-1.0521785,-1.3263129,-1.2138551,-1.8760096
F5_24874,2153,f5,14.93386711,18.46595567,25.09695139,0.00057645,0.003360182,-1.8212292,1.8212292,-1.2583593,-1.0255735,-1.1504042,-1.1008563,-1.5585176,-1.3436847,-1.8212292
FAM96B_26073,,fam96b,17.95630052,20.52701958,24.2038354,4.20E-06,4.26E-05,1.8792254,1.8792254,1.100115,1.1210431,-1.0434216,1.1250682,-1.0101525,1.3826362,1.8792254
FASN_11197,2194,fasn,10.24917327,10.97523913,11.81142483,1.86E-12,1.19E-10,-4.9416265,4.9416265,-1.1167119,-1.1358168,-1.14971,1.0410584,-1.1171821,-1.8213441,-4.9416265
FCER1G_11058,2207,fcer1g,19.56802152,27.0378678,49.0789495,0.005981327,0.022992965,-1.7503772,1.7503772,1.1774262,-1.1150419,-1.047391,-1.3675454,1.6645951,-1.7503772,-1.6205244
FDFT1_2382,2222,fdft1,8.100643693,8.90409187,9.885467246,3.52E-08,6.72E-07,-3.4440298,3.4440298,-1.1565555,-1.3398092,-1.0810387,-1.0872741,-1.0838529,-2.1471162,-3.4440298
FGB_2397,2244,fgb,19.05889696,19.53669939,19.88323537,6.05E-07,8.36E-06,-2.4252114,2.4252114,1.1665854,1.2832288,1.1086146,1.0871414,-1.0885128,1.2537644,-2.4252114
FGF2_2405,2247,fgf2,7.903046235,9.15687493,10.75207426,6.25E-06,5.89E-05,3.4553268,3.4553268,1.2401088,-1.096098,1.0292317,1.1083083,-1.3289984,1.5123717,3.4553268
FGG_23945,2266,fgg,18.98195582,19.5443706,19.96921958,6.83E-06,6.40E-05,-2.3116689,2.3116689,1.0844204,1.2441528,1.0836767,1.1041745,-1.1400638,1.3922626,-2.3116689
FKBP5_19156,2289,fkbp5,11.58334365,12.88778979,14.4876137,7.74E-08,1.39E-06,-2.1521323,2.1521323,1.1440945,1.2289451,1.1175226,-1.1064428,-1.0308263,-1.6501368,-2.1521323
FMO3_14602,2328,fmo3,13.25926778,14.29766833,15.60654247,2.28E-13,1.82E-11,-3.4040945,3.4040945,-1.0509273,1.2045518,1.1115322,1.236674,-1.0361818,-1.3715994,-3.4040945
FMO5_11213,2330,fmo5,4.53505967,4.958058233,5.418901886,2.06E-12,1.22E-10,-5.4767156,5.4767156,1.1364495,1.0859406,-1.1571853,-1.2071768,-1.218402,-3.2712505,-5.4767156
FN1_13666,2335,fn1,2.174868733,3.255752992,5.481362381,3.26E-11,1.23E-09,-2.5034049,2.5034049,1.072981,-1.0530566,-1.1867429,-1.3427538,-1.9630252,-2.265217,-2.5034049
FN1_2459,2335,fn1,2.336756666,3.499145847,6.04075432,1.55E-11,6.72E-10,-2.7698367,2.7698367,-1.0234561,-1.2167014,-1.1380745,-1.3690712,-2.101335,-2.7698367,-2.3536448
FN1_27231,2335,fn1,2.161062884,3.581919693,6.843603199,3.17E-11,1.23E-09,-2.6939049,2.6939049,-1.0939661,-1.2262858,-1.1833924,-1.5493964,-2.2490137,-2.6939049,-2.4577732
FOLH1_21200,2346,folh1,7.100857224,8.470184183,9.419563573,1.06E-05,9.81E-05,-4.9226656,4.9226656,1.1908678,-1.6609344,1.058168,-1.3237369,-1.1619116,-1.4909309,-4.9226656
FOXA1_22204,3169,foxa1,16.34418143,17.48350775,18.28763865,5.11E-06,5.00E-05,-2.2185583,2.2185583,1.2187327,1.2971284,1.1736927,1.0206527,-1.0902447,1.0372814,-2.2185583
FPGS_27241,2356,fpgs,18.42911239,22.86733735,30.6185057,0.002066016,0.009580724,1.595196,1.595196,1.0896063,1.0710343,1.0527831,1.2151783,1.1834366,1.4500347,1.595196
G0S2_13343,50486,g0s2,15.64913684,23.6396485,58.07929566,0.007001955,0.026102639,2.3369465,2.3369465,1.299882,1.3675706,1.1473565,1.4421709,-1.3025042,2.3369465,1.5458843
GADD45A_2569,1647,gadd45a,13.04693041,14.75649371,17.15121529,3.82E-08,7.21E-07,2.2558792,2.2558792,1.1961007,-1.0051365,1.009513,1.3312476,-1.1625688,1.4594574,2.2558792
GCLM_25908,2730,gclm,7.817104958,8.522069229,9.363376114,5.34E-12,2.76E-10,5.0568857,5.0568857,1.0221863,-1.1286646,1.0446956,1.0414879,1.1018282,1.7140527,5.0568857
GCLM_2615,2730,gclm,7.615141211,8.355579688,9.258931027,2.18E-11,8.75E-10,5.023205,5.023205,1.1963652,1.1546191,1.0059036,1.1703156,1.3364784,1.717516,5.023205
GDF15_18329,9518,gdf15,4.723884412,5.233925276,5.864975674,1.32E-11,6.03E-10,11.77381,11.77381,1.1044577,-1.2470382,-1.1276497,1.3276453,1.3824707,2.3151052,11.77381
GEMIN5_22827,25929,gemin5,13.00804794,16.31899728,22.70743622,0.003492844,0.014970664,1.829014,1.829014,-1.0029274,1.2498268,1.188635,1.0556085,1.2179466,1.4297296,1.829014
GGH_2639,8836,ggh,11.43810717,12.19373531,13.08027369,1.11E-13,9.39E-12,-2.913028,2.913028,-1.1415713,-1.0380006,-1.11961,-1.0828253,-1.3744693,-1.6899058,-2.913028
GHR_2644,2690,ghr,12.84531698,13.97289889,15.15432752,1.50E-10,4.71E-09,-2.7194726,2.7194726,1.0556751,1.2841121,1.2810464,1.3362457,-1.0068299,-1.2516131,-2.7194726
GLUD1_2678,2746,glud1,6.546494227,7.723998076,9.628885632,0.001958479,0.009152891,-2.4256227,2.4256227,-1.2118753,1.0831467,1.0457404,-1.0033116,-1.260478,-1.831654,-2.4256227
GMNN_2688,51053,gmnn,11.91601954,14.15937191,18.18541385,0.002685449,0.011924584,1.9572295,1.9572295,-1.141643,-1.1816859,1.0533738,-1.1195744,-1.1523576,1.1719917,1.9572295
GOT1_2737,2805,got1,16.30196444,19.70135621,25.28075599,0.000460826,0.002808763,1.7145281,1.7145281,-1.0180439,1.0025843,1.1135594,1.1262085,1.1964712,1.5548388,1.7145281
GPR65_23391,8477,gpr65,8.61142767,13.07729522,39.69040204,0.00238827,0.010753924,2.8968976,2.8968976,1.6617877,1.0174842,1.1133971,-1.4106237,2.8968976,-1.9062039,-1.2683787
GSR_21104,2936,gsr,17.949887,20.20129763,23.20606741,7.63E-07,1.01E-05,1.8476173,1.8476173,-1.02964,-1.034514,-1.0188093,1.0147208,1.1280112,1.2144017,1.8476173
GSTM1_10645,2944,gstm1,9.644489647,11.1909881,13.50260534,0.00019134,0.001277991,-2.0911667,2.0911667,1.1885693,-1.0414618,1.3917629,1.0644456,1.1119713,-1.3871017,-2.0911667
GTF2E2_2835,2961,gtf2e2,13.31604643,17.47858314,27.86641565,0.006523402,0.024604739,1.6871499,1.6871499,1.0380249,1.0820285,-1.2710054,1.3865044,-1.235764,1.2686362,1.6871499
H2AFZ_2864,,h2afz,26.89704669,30.93006287,36.87704066,0.000121465,0.000865372,1.5418347,1.5418347,1.0474007,-1.0346582,1.0246793,1.020058,1.0675305,1.1008679,1.5418347
HADHA_2875,3030,hadha,5.689342111,8.351162922,14.27391803,5.65E-08,1.04E-06,1.9123867,1.9123867,1.0376871,1.0029423,1.1124437,1.2961831,1.2749941,1.7872541,1.9123867
HERPUD1_2924,9709,herpud1,26.19584371,33.98481285,52.44812352,0.003490751,0.014970664,1.5133783,1.5133783,1.2374958,1.0505877,1.1316962,1.2713642,1.1009101,1.1437058,1.5133783
HIST1H1C_2950,,hist1h1c,23.14323466,25.01426423,27.55175365,9.22E-07,1.19E-05,-1.68656,1.68656,-1.025976,-1.0267636,-1.0142843,-1.0695457,-1.0464996,-1.1202312,-1.68656
HIST1H2BD_18171,,hist1h2bd,19.29502968,22.38340005,27.3199419,3.33E-05,0.000267862,-1.6476718,1.6476718,1.1819898,-1.059921,1.2773114,-1.0398611,1.0179349,-1.1668376,-1.6476718
HLA-DMB_10963,3109,hla-dmb,0.85055288,1.27245103,2.659210802,1.46E-05,0.000129705,-4.391218,4.391218,-1.0760978,1.0563363,1.2352588,-1.2936382,-2.3003864,-4.391218,-2.1920986
HLA-DQB1_2990,3119,hla-dqb1,2.527471696,3.345443339,7.510503784,0.000268967,0.00173011,-3.9008281,3.9008281,1.3265566,1.2356664,1.3214178,-1.3391039,-1.6387843,-3.9008281,-3.0448565
HLA-DRA_2993,3122,hla-dra,3.583326541,4.837531758,8.380319347,0.001141383,0.006018541,-2.7910082,2.7910082,1.3011192,1.0629247,1.4230031,-1.6542784,-1.8674649,-2.7910082,-2.4506967
HLA-DRB1_2994,3123,hla-drb1,3.595625147,4.617623606,6.772610437,0.000965069,0.005208772,-2.111606,2.111606,1.1922919,1.1694344,1.6002386,-1.2688614,-1.9988402,-1.8552572,-2.111606
HLA-DRB5_15922,3127,hla-drb5,1.237161443,3.122117638,29.92728103,0.002137036,0.00981567,-2.4781625,2.4781625,1.1992335,1.0239494,1.4318246,-1.5652952,-2.4781625,-2.2171001,-1.8507245
HLA-DRB5_2997,3127,hla-drb5,1.130711782,1.688095528,3.083636835,0.000524532,0.003114166,-2.3516364,2.3516364,1.3495861,1.0164832,1.1932727,-1.3640337,-2.3516364,-2.2723553,-1.9215846
HMGCR_3029,3156,hmgcr,4.518055771,5.691539978,6.898055591,3.33E-16,4.85E-14,-4.255942,4.255942,-1.0310396,-1.2355798,-1.1903231,1.1278046,-1.2512814,-3.1420085,-4.255942
HMGCS1_3030,,hmgcs1,4.873154398,5.942329863,7.877753826,0.008791256,0.031316406,-3.131377,3.131377,-1.1197858,-1.1825404,-1.7630218,-1.1036727,-1.7335117,-2.115092,-3.131377
HMGCS2_16503,3158,hmgcs2,19.53118305,19.92998377,20.34895522,4.72E-07,6.69E-06,-2.36635,2.36635,-1.0889301,1.0756903,1.0724123,1.2089823,1.2904176,1.1547935,-2.36635
HNF4A_28261,3172,hnf4a,4.168894707,5.447821617,8.21153258,0.001134289,0.006000874,-1.8865845,1.8865845,1.0249944,-1.0609459,-1.209478,-1.0243207,-1.8865845,-1.5380524,-1.7932374
HP_3085,3240,hp,9.078833064,10.20633474,11.53850931,0,0,-18.123857,18.123857,1.0508405,1.2272354,1.032517,1.0211347,-1.4323083,-2.0284438,-18.123857
HPR_3094,3250,hpr,11.10694192,12.22157742,13.84798845,0,0,-9.520662,9.520662,1.0297469,1.1283945,1.0853635,-1.0488051,-1.2341716,-1.5771043,-9.520662
HSD17B11_3115,51170,hsd17b11,57.53983938,124.7701445,863.8066188,0.003660179,0.015440177,-1.5768468,1.5768468,-1.283894,-1.3831407,-1.0233471,-1.2587112,-1.3185842,-1.5768468,-1.0819595
HSP90AB1_3128,3326,hsp90ab1,19.19558133,21.41857378,24.72349,1.65E-05,0.000143365,1.9646882,1.9646882,1.1086997,-1.1060015,1.0233755,-1.0167727,-1.0238248,1.1546454,1.9646882
HSPD1_3152,,hspd1,15.50605675,17.39229333,20.04135094,6.21E-08,1.13E-06,2.474002,2.474002,1.2568346,1.2159851,1.0448489,1.1800474,1.1084908,1.478864,2.474002
HYOU1_3177,10525,hyou1,14.30431478,17.68852934,23.99331547,0.00185051,0.008724608,1.7997975,1.7997975,1.1427238,1.3299813,1.086319,1.084342,1.0747912,1.5835692,1.7997975
IDI1_12170,,idi1,8.05077671,8.58002135,9.195931781,2.51E-13,1.91E-11,-5.893649,5.893649,-1.110002,-1.328618,-1.016107,-1.0508037,-1.1230078,-3.1459272,-5.893649
IFITM1_3226,8519,ifitm1,8.157830349,9.672764595,10.74381024,0.000186325,0.001249705,-4.9714026,4.9714026,1.3219246,1.077541,1.1588109,-1.0303862,1.1178385,-1.3746202,-4.9714026
IFITM2_11682,,ifitm2,29.34317546,35.30059777,46.46110565,0.003881175,0.016146787,-1.6009798,1.6009798,-1.0089159,-1.0215291,-1.0647517,1.0101137,-1.2561187,-1.0259664,-1.6009798
IFITM3_17816,,ifitm3,29.89567554,34.40585247,41.62273591,0.000234988,0.00152504,-1.6275486,1.6275486,1.1096015,1.0480503,1.0419658,1.0398315,-1.2039461,-1.0178683,-1.6275486
IGFBP1_10877,3484,igfbp1,2.658077238,3.228294867,4.025847865,1.95E-06,2.22E-05,15.083376,15.083376,1.4249554,-1.1559765,1.2701596,1.306901,-1.0481061,5.5789676,15.083376
IGFBP1_3266,3484,igfbp1,3.385356639,3.930991882,4.669080971,1.38E-07,2.35E-06,12.4901495,12.4901495,1.5297537,1.1821723,1.279016,1.5823469,-1.0447972,5.8209033,12.4901495
INSIG1_3385,3638,insig1,6.473484937,7.121669496,7.825177477,1.11E-16,2.22E-14,-13.927453,13.927453,-1.0076635,-1.146693,-1.2131268,1.0528611,-1.2538747,-2.944412,-13.927453
IRS1_20491,3667,irs1,6.018836954,7.706481834,14.54000106,0.011120051,0.038583208,-2.3830037,2.3830037,-1.2958592,-1.0301043,-1.0459709,1.3072319,-1.058893,-2.3830037,-1.9682337
ISOC1_3421,51015,isoc1,19.37185567,39.21887579,265.8105996,0.002217824,0.010128693,-2.223997,2.223997,-1.7344978,-2.223997,-1.0869765,-1.3982706,-1.6997552,-2.1515286,-1.2622186
ITGA1_27365,3672,itga1,19.08294697,19.58075019,19.95701558,2.89E-06,3.17E-05,-1.9235119,1.9235119,1.1480765,1.0706705,1.1669356,1.0888402,-1.0982825,1.2000059,-1.9235119
ITPR2_3454,,itpr2,12.61829127,14.90664804,18.54242473,0.002067954,0.009580724,-1.8791304,1.8791304,-1.0150958,-1.1017696,1.0170995,-1.0738661,-1.1177373,-1.555161,-1.8791304
KRT18_19582,,krt18,13.89957229,15.90298659,18.64530212,3.00E-07,4.46E-06,2.6872265,2.6872265,1.255443,1.3058056,1.2153944,1.314732,1.1117556,2.1556854,2.6872265
KRT7_10561,3855,krt7;krt7-as,2.418416723,2.958672746,3.81638325,3.98E-07,5.80E-06,7.0716376,7.0716376,1.1107459,1.513903,1.1597415,2.1551626,1.8223889,4.840049,7.0716376
LAP3_3740,51056,lap3,20.59465001,24.84698994,31.98850644,0.000167011,0.0011344,-1.7496449,1.7496449,1.039751,-1.0280255,-1.1028483,-1.2423784,-1.4407016,-1.4116507,-1.7496449
LOC100510495_28176,,LOC100510495,1.732480971,3.010741219,18.97840449,0.001253613,0.006503369,-1.8544259,1.8544259,1.3740051,1.1458755,1.1655725,-1.5748415,-1.770071,-1.852097,-1.8544259
LSS_14888,4047,lss,6.678913856,7.328402402,8.159888945,9.57E-09,2.10E-07,-3.7633832,3.7633832,-1.2362448,-1.326312,-1.204276,-1.0352298,-1.2200047,-2.3964922,-3.7633832
LYAR_12352,55646,lyar,7.550288371,10.42383458,18.72448301,0.004270523,0.017418951,2.143296,2.143296,1.8696647,1.0202428,1.5447233,1.214106,1.5332221,1.5809,2.143296
LYZ_23572,4069,lyz,10.29977245,12.9964766,17.54342071,0.0005343,0.003148832,-2.551941,2.551941,-1.1001513,-1.039839,1.0552481,-1.2598459,-1.0657798,-2.551941,-2.242928
MAFF_27478,23764,maff,4.843474332,6.568766236,11.20553692,0.006201941,0.023502863,4.2772923,4.2772923,2.0668952,-1.1997521,1.328773,1.1990032,3.183562,1.7648239,4.2772923
MAN2B1_3947,4125,man2b1,27.47066619,45.23198321,161.0640759,0.003115018,0.013459228,1.5372876,1.5372876,-1.0040537,-1.0741612,1.1137578,-1.4124707,1.5372876,-1.3749787,-1.2155044
MAOB_13383,4129,maob,27.25508119,31.97844108,39.95833136,3.72E-05,0.000293876,-1.5163283,1.5163283,-1.0861566,-1.0551527,1.0614824,-1.0157409,-1.2096012,-1.4778887,-1.5163283
MARCKS_4021,4082,marcks,15.39693582,18.74120006,27.46542836,0.005215963,0.020631471,1.6657763,1.6657763,1.0091187,-1.1923171,-1.3188522,-1.3695618,1.1269972,-1.074442,1.6657763
MASP2_27484,10747,masp2,20.66462013,23.29315596,26.91800882,1.93E-06,2.22E-05,-1.6930588,1.6930588,1.0906065,1.0515131,1.0818586,1.1239086,-1.1155646,-1.176901,-1.6930588
MBD4_4052,,mbd4,13.80234979,18.06741408,27.29794258,0.011872985,0.040494459,1.6154568,1.6154568,-1.1487114,-1.1365469,1.1373825,-1.0391939,1.2739414,1.4139247,1.6154568
MBNL2_4059,10150,mbnl2,27.03451358,32.73320063,42.51929144,1.46E-05,0.000129705,1.5038545,1.5038545,1.052845,1.1134869,-1.0775172,-1.0181886,-1.2969098,1.430537,1.5038545
MCM7_4079,4176,mcm7,7.736689981,10.18443814,15.92044261,0.002194125,0.010049093,2.204954,2.204954,1.2721583,1.4404302,-1.1026858,1.8112451,1.0005755,1.8620491,2.204954
MCUR1_4086,63933,mcur1,19.31696405,21.05338681,24.1738853,5.95E-05,0.000454105,1.8577435,1.8577435,1.3003681,1.1867424,1.0594919,1.1388824,1.1008359,1.056859,1.8577435
MDH2_20964,4191,mdh2,30.67989875,34.92409288,41.1561591,1.90E-07,3.05E-06,1.5028617,1.5028617,1.0994781,1.0086745,1.1126614,1.1503494,1.0223802,1.2288826,1.5028617
ME2_4100,4200,me2,14.76198714,17.91544962,24.25977449,0.000470996,0.002849082,1.8960519,1.8960519,1.3109756,1.0991762,-1.0651945,-1.1274081,1.3603432,1.1506711,1.8960519
METRN_4129,79006,metrn,6.020846009,7.348928511,9.501090902,4.49E-06,4.47E-05,2.6052322,2.6052322,1.1316096,1.2767699,-1.5000162,1.4660199,-1.1925118,1.9933347,2.6052322
MIF_4173,4282,mif;mif-as1,20.69046175,23.62953718,28.15672332,0.000147425,0.001027488,1.5808023,1.5808023,1.0242168,-1.0250353,-1.0362096,1.0299643,-1.0365301,1.108482,1.5808023
MRPL37_12369,51253,mrpl37,21.95035372,26.50606721,34.07153721,0.000764852,0.004271981,1.5875357,1.5875357,1.1780989,1.0982777,1.0962465,-1.0242543,1.0962353,1.1966041,1.5875357
MRPS16_4290,,mrps16,20.51385232,25.41458513,35.00698806,0.000652874,0.003724404,1.5474199,1.5474199,1.2145767,-1.0076202,-1.1166837,1.1282144,1.1201004,1.1216757,1.5474199
MS4A7_12103,58475,ms4a7,5.514139196,6.811153848,9.052617832,0.001679903,0.008111096,-2.3959434,2.3959434,1.1194135,1.1892653,1.3775815,-1.1823852,1.1907091,-2.3959434,-1.9167252
MSMO1_4315,6307,msmo1,8.390488104,8.976587426,9.585732535,3.22E-15,3.97E-13,-5.3108234,5.3108234,-1.0693648,-1.2419941,-1.1538405,-1.1335965,-1.1353694,-3.1730216,-5.3108234
MT1E_4328,4493,mt1e,19.88391239,26.49137228,43.26625688,0.013214584,0.043948087,1.5242001,1.5242001,-1.1053119,-1.1139957,1.0121417,1.1284975,-1.1774243,1.5242001,1.3993663
MT1H_4330,4496,mt1h,20.41699013,28.12460545,47.98434194,0.010099591,0.035425918,1.8755755,1.8755755,-1.0818486,1.1391357,-1.0496616,1.4332061,1.0197641,1.8755755,1.5448617
MT2A_4334,4502,mt2a,20.9569549,26.3741833,36.5540691,5.93E-05,0.000454105,2.3215125,2.3215125,1.0689739,1.3236642,1.0111285,1.3901455,1.04226,2.3215125,1.7887031
MYC_4394,4609,myc,8.633819682,10.0655535,12.1556453,4.93E-06,4.85E-05,3.3929918,3.3929918,1.5092143,1.2814114,1.0837902,1.1711267,1.0500548,1.8793099,3.3929918
NCKAP1L_26591,,nckap1l,15.09910647,23.14520807,67.77357367,0.012208877,0.041463622,2.0100944,2.0100944,1.0603144,-1.4434236,-1.0538366,-1.0965943,2.0100944,-1.6365883,-1.486501
NDRG1_21187,10397,ndrg1,7.003154086,9.354529364,14.87554277,0.001176097,0.00616106,2.0140905,2.0140905,1.0331963,1.270189,1.1204247,1.2988733,1.4153255,2.0140905,1.8162459
NET1_27578,10276,net1,15.22335731,17.98339966,22.29457423,0.000475075,0.002862954,-1.7611285,1.7611285,-1.0304124,-1.0235765,-1.037037,1.1175296,-1.277615,-1.3059123,-1.7611285
NFIL3_4565,4783,nfil3,7.728966903,9.906425915,14.3917184,0.004838178,0.019388998,2.2784078,2.2784078,-1.0102884,-1.455388,-1.1394453,1.064556,-1.229933,1.7211847,2.2784078
NGRN_4584,,ngrn,25.01443554,29.06785081,35.30370233,4.05E-05,0.00031802,1.5975798,1.5975798,1.0911019,-1.0268464,1.1160668,1.0832677,1.0061659,1.2042079,1.5975798
NHP2_10492,55651,nhp2,11.7944222,13.38475126,15.65640666,5.20E-06,5.05E-05,2.1053991,2.1053991,-1.066848,-1.038072,-1.0764966,-1.0881203,-1.330268,1.2621619,2.1053991
NME1_27589,654364,nme1-nme2;nme1,19.52271022,22.79571658,27.97761098,8.59E-05,0.000646667,1.8661617,1.8661617,1.1989537,1.0888726,-1.0108398,1.0373435,1.0405438,1.4601252,1.8661617
NME1_4611,654364,nme1-nme2;nme1,16.50948785,20.34847099,27.31704264,0.001282496,0.006610423,1.8562086,1.8562086,1.2340338,1.2471129,1.0637457,1.300341,1.0596229,1.4364527,1.8562086
NME2_28197,,nme2,15.65521114,19.6560194,27.19452896,0.000132845,0.000933991,1.8110032,1.8110032,1.4665147,1.2101634,1.0520259,1.3704284,1.0806404,1.469758,1.8110032
NNT_4618,23530,nnt,25.10636764,29.49084654,36.50175677,0.000358055,0.00225083,-1.5352403,1.5352403,-1.0020162,1.1295751,1.0379395,1.0774039,-1.090414,-1.2350302,-1.5352403
NOLC1_4626,9221,nolc1,17.76433627,25.33032072,85.80748092,0.001903009,0.008919658,-2.3548837,2.3548837,-1.1317449,-1.2185004,1.1137155,-1.1896557,-2.3548837,-1.5477058,1.5447993
NOP56_4635,,nop56,15.31193927,17.7143734,21.13645672,1.33E-06,1.63E-05,2.2146864,2.2146864,1.234317,1.1937406,1.1684631,1.1634471,1.266695,1.3751982,2.2146864
NPDC1_4650,56654,npdc1,5.835108719,7.66929063,11.57672425,0.007942012,0.028738253,2.461897,2.461897,1.0140097,1.2902849,-1.0094175,1.4186404,1.0353893,2.461897,2.305919
NQO1_26473,1728,nqo1,5.648556247,7.119736788,9.847166141,0.000634267,0.003631177,3.4183965,3.4183965,1.4877322,-1.3484416,1.0423627,1.0462078,1.9053802,1.6215509,3.4183965
NR1H3_26446,10062,nr1h3,22.94220539,40.42262068,206.5426423,0.011284021,0.039067572,2.711906,2.711906,1.1159886,1.1599638,1.1645044,-1.1514324,2.711906,1.0489774,-1.2620672
NR1H4_25084,9971,nr1h4,24.42944039,31.75898143,50.0252785,0.000411206,0.002535243,-1.626486,1.626486,-1.1234266,-1.031101,-1.2161515,-1.1284833,-1.626486,-1.0951673,-1.6241986
NR1I3_16711,,nr1i3,4.331055271,4.691134944,5.168464811,4.71E-11,1.68E-09,-7.547079,7.547079,-1.1748905,1.0882552,-1.001514,-1.3292189,-1.6452796,-2.636315,-7.547079
NRAS_4703,4893,nras,24.24080308,57.75430753,462.0345205,0.00870658,0.031153231,-2.2569757,2.2569757,-1.9754463,-2.2569757,-1.381606,-1.3092824,-1.5358554,-2.207555,-1.1261188
NUCB2_4744,4925,nucb2,10.06698811,12.20426513,15.98001077,0.003705419,0.015589991,2.0565898,2.0565898,-1.1427797,1.0666618,-1.0469587,-1.1277491,1.0389273,1.3233712,2.0565898
ORM1_4833,5004,orm1,28.36789957,35.170479,51.94517763,0.000870703,0.004747405,-1.5138015,1.5138015,1.0972245,1.2760253,1.1079831,-1.0225939,-1.3093331,1.0948886,-1.5138015
ORM2_4836,5005,orm2,22.93850768,26.36270389,31.68885405,1.51E-06,1.79E-05,-1.7407135,1.7407135,1.1126224,1.3497093,1.1421548,1.110195,-1.1857697,-1.0716795,-1.7407135
OSTC_4855,,ostc,24.3062925,30.30565022,41.06557179,3.64E-05,0.000288803,1.5567285,1.5567285,1.1494479,1.2407632,1.1566194,1.2212307,1.2192425,1.3047159,1.5567285
P4HA2_4889,8974,p4ha2,17.64569559,21.84794482,30.38036896,0.00441335,0.017865151,1.6140746,1.6140746,-1.0137829,-1.2743773,1.0797539,1.0529168,1.0041599,1.073562,1.6140746
PAFAH1B3_28382,5050,pafah1b3,15.74993576,20.21005309,29.96910134,0.007398654,0.027390397,1.5805004,1.5805004,-1.028504,-1.090555,1.3061306,-1.0344137,1.109498,1.2690455,1.5805004
PEBP1_17926,,pebp1,43.32656685,53.33981008,70.99356641,0.000904204,0.004896753,-1.5307845,1.5307845,-1.1953332,-1.188096,-1.1271526,-1.1017138,-1.1016898,-1.2412915,-1.5307845
PEG10_18691,23089,peg10,3.216696371,3.658714456,4.236235845,3.11E-10,8.92E-09,13.544045,13.544045,-1.3296183,1.6236167,1.0794855,1.4238495,1.6776146,3.5758102,13.544045
PFN1_5086,,pfn1,32.88920286,38.91464758,48.71849273,0.000501253,0.002998169,1.539013,1.539013,1.0864209,1.0159484,1.0089753,-1.0408623,1.1501122,1.0780466,1.539013
PGRMC1_5105,10857,pgrmc1,15.84639908,17.30092972,19.2378277,4.76E-07,6.69E-06,-2.2172425,2.2172425,-1.0193388,1.0479512,1.0061965,1.0447958,-1.1177021,-1.2674891,-2.2172425
PIK3R1_15690,5295,pik3r1,2.689445662,3.220405653,4.970012623,3.33E-08,6.51E-07,-2.5368204,2.5368204,1.1093696,1.2267237,1.1647311,1.1924641,-1.5828888,-2.2394161,-2.5368204
PLIN2_21957,123,plin2,3.888521439,5.106066018,6.686931289,2.22E-16,3.56E-14,4.453412,4.453412,1.0396081,1.049806,1.152566,1.6058501,1.372471,3.3750181,4.453412
PLP2_5208,5355,plp2;prickle3,14.23139777,17.28790063,22.11604116,7.69E-05,0.000584026,1.900543,1.900543,1.0180149,-1.1269436,1.0245378,1.0127239,1.5012859,1.3573135,1.900543
PLRG1_24969,5356,plrg1,21.68610363,39.35743948,213.6539555,0.003999574,0.01656671,-1.6381545,1.6381545,-1.5901047,-1.0952411,-1.6381545,-1.047648,1.1333014,-1.4472927,1.1695787
PLS1_5211,5357,pls1,20.57677193,23.1304315,27.57511637,0.000387975,0.002419939,1.6846579,1.6846579,1.1803416,1.0366737,-1.0561372,-1.0523385,-1.024749,1.0700761,1.6846579
POR_23019,5447,por,8.972426638,10.09602555,11.56527516,1.21E-08,2.52E-07,2.9450223,2.9450223,-1.040335,-1.116383,1.3671788,1.036879,-1.0405018,1.8653656,2.9450223
PPARG_28287,5468,pparg,20.13584033,29.17451542,59.35181153,0.001751975,0.008339363,1.9569733,1.9569733,1.2477643,1.1139699,-1.0131558,-1.0886228,1.9569733,1.3252935,1.5890676
PPM1D_25317,8493,ppm1d,11.70704421,18.18764027,80.7244285,9.02E-05,0.00067511,-3.3661046,3.3661046,1.0769885,1.048366,-3.3661046,1.2361197,1.355811,1.1318953,-1.8319237
PRMT5_28286,10419,prmt5,13.98493384,16.71433228,21.99260941,0.00017566,0.001188111,1.8551518,1.8551518,1.0019609,-1.052613,-1.0270987,1.038038,-1.6352934,1.1859567,1.8551518
PROS1_5451,5627,pros1,23.88564193,25.96576185,28.64902787,1.75E-08,3.51E-07,-1.6774505,1.6774505,1.0192566,1.1140103,-1.0307711,1.0539125,-1.1075723,-1.1119416,-1.6774505
PSAT1_10692,29968,psat1,9.020453919,10.44827514,12.58901731,1.86E-05,0.000159235,2.8042448,2.8042448,1.3250501,1.1568874,1.2097374,1.0857503,1.1642385,1.5838639,2.8042448
PSENEN_5496,55851,psenen,11.39742293,14.31488136,21.85313012,0.002324376,0.010495701,2.1456087,2.1456087,1.2719042,1.1744701,1.078141,-1.1994182,1.7797917,1.1168281,2.1456087
PSMA1_16796,5682,psma1,21.00201024,35.12703169,182.3670905,0.003592942,0.015266959,-1.7346182,1.7346182,-1.2175257,-1.7346182,-1.541312,-1.6091548,-1.2498975,-1.6612056,1.1907438
PSMA4_10918,5685,psma4,20.24296175,21.34629445,22.92790122,7.41E-06,6.90E-05,1.7686411,1.7686411,1.0073432,1.0081779,-1.0202144,-1.0325347,-1.0825855,1.075214,1.7686411
PSMD8_16404,5714,psmd8,19.1118259,22.59592656,28.14165728,0.00018119,0.001220371,1.7198375,1.7198375,1.0724094,1.0392749,-1.0017083,-1.0236012,1.2523894,1.1973808,1.7198375
PTGFR_5569,5737,ptgfr,13.14250353,14.73636146,17.27621512,0.00033168,0.002093243,-2.323271,2.323271,1.011757,-1.0881444,1.0896168,1.0559704,-1.5378811,-1.0825318,-2.323271
RAB11FIP2_5656,22841,rab11fip2,15.3042501,19.21679133,27.81209918,0.002897788,0.012796567,1.7087995,1.7087995,1.3314477,-1.1755842,1.0317433,1.050437,1.1933954,1.1108758,1.7087995
RAB6C_19175,150786,rab6d;rab6c,4.148759908,8.744315611,66.23295581,0.014231009,0.046650936,-2.4874034,2.4874034,-1.2109432,-1.3492476,-1.9884771,-1.6794527,-2.4874034,-1.9247228,-1.1433071
RAD50_12781,,rad50,19.02264476,21.114676,24.3791479,3.16E-05,0.000256846,1.8272266,1.8272266,1.1940768,1.0564724,1.0432671,1.0147256,-1.0600961,1.1476265,1.8272266
RALA_5719,5898,rala,14.86514006,18.08128223,24.71283829,0.006938813,0.025927545,1.7686803,1.7686803,1.1220438,-1.041885,1.1222023,-1.1442692,1.2357203,1.1111612,1.7686803
RAN_5725,,ran,20.83271452,24.39987032,30.15666519,5.21E-05,0.000403183,1.8744935,1.8744935,1.1565781,1.0397525,-1.0282389,1.0094103,1.3048849,1.1586618,1.8744935
RFX5_5817,5993,rfx5,19.73745176,25.75987551,39.7952981,0.000756925,0.004242485,-1.5687804,1.5687804,1.0421736,-1.1910295,-1.3210034,1.0560302,-1.3816361,-1.2169203,-1.5687804
RNASE4_25972,6038,rnase4,22.52195895,25.22276034,28.95291816,1.90E-06,2.19E-05,-1.8577982,1.8577982,-1.0462575,-1.0331916,1.1044629,-1.0848428,-1.1296327,-1.1959126,-1.8577982
RNASE6_10652,6039,rnase6,5.657020572,7.515464722,11.39537897,0.000200148,0.001320315,-4.2539225,4.2539225,-1.4575571,-1.5180994,-1.4395711,-1.5238323,2.1094224,-4.2539225,-2.390503
RNPS1_5895,10921,rnps1,20.88998724,25.6081216,36.78746132,0.002110205,0.009720285,1.5038689,1.5038689,-1.0249002,-1.3313704,1.0963113,-1.06319,-1.1709285,-1.0067627,1.5038689
RPL11_5914,6135,rpl11,30.85938233,35.03238751,40.77221168,2.49E-07,3.84E-06,1.6952763,1.6952763,1.1597614,1.1009916,1.0089699,1.1287392,1.106234,1.2954404,1.6952763
RPL13A_5916,23521,rpl13a,14.73582652,17.17516913,21.09198359,0.000118693,0.000849395,1.8561466,1.8561466,1.0026811,1.0808525,-1.1553104,1.0986106,-1.0871224,1.2071105,1.8561466
RPL15_14976,,rpl15,20.86156179,23.11362383,26.07963546,4.55E-08,8.49E-07,1.8877366,1.8877366,1.081446,1.0405294,-1.0377989,1.0812652,1.0854015,1.4158767,1.8877366
RPL17_5919,,rpl17,20.99942924,26.83987711,38.77908568,0.001384118,0.006977172,1.6256196,1.6256196,1.0235487,1.3549119,1.0841961,1.0088459,1.2218348,1.2522272,1.6256196
RPL19_5921,,rpl19,24.30918995,26.09472252,28.29405856,7.34E-12,3.68E-10,1.9082195,1.9082195,1.0751877,1.0693988,1.0327299,1.066548,1.0984603,1.2731017,1.9082195
RPL24_5926,,rpl24,29.48417999,35.29767296,44.81297408,0.000558786,0.003269103,1.5779792,1.5779792,1.1289339,1.111738,-1.001597,1.0923532,1.0120995,1.2479392,1.5779792
RPL26_5927,,rpl26,19.53243189,20.42902131,21.53178264,9.91E-09,2.14E-07,2.114858,2.114858,1.0615709,1.1562402,1.0249712,1.094445,1.0339218,1.1649055,2.114858
RPL28_12205,,rpl28,20.31198711,21.62782173,23.25347864,1.06E-13,9.39E-12,2.1248856,2.1248856,1.1234578,1.0707746,1.0308856,1.0789976,1.0983318,1.3369154,2.1248856
RPL29_12206,,rpl29,18.47212711,19.88338314,21.62511773,8.17E-11,2.79E-09,2.184328,2.184328,1.1656712,1.0562943,1.0160854,1.0939951,1.0481293,1.3015432,2.184328
RPL3_5932,,rpl3,27.0685192,30.77375253,35.7477729,1.20E-07,2.10E-06,1.7835269,1.7835269,1.1620598,1.1618478,1.0071508,1.137721,1.0179073,1.3970778,1.7835269
RPL32_27803,,rpl32,17.3838824,19.61214271,22.65174367,7.12E-07,9.59E-06,2.0710819,2.0710819,1.1028235,1.0589839,-1.0175143,1.1064366,1.1028396,1.306911,2.0710819
RPL35_21373,,rpl35,18.52827746,20.07372918,22.05329246,3.42E-12,1.89E-10,2.1475513,2.1475513,1.1715243,1.1947314,-1.0615786,1.0705799,1.085497,1.3464015,2.1475513
RPL36_5938,25873,rpl36,16.43376199,18.37256683,21.01631766,6.53E-07,8.94E-06,1.9483677,1.9483677,1.0878689,-1.0181495,-1.0241796,-1.0365539,1.0679314,1.2767104,1.9483677
RPL4_5948,,rpl4,23.06426241,25.97183445,30.19061824,1.11E-07,1.96E-06,1.9611615,1.9611615,1.1537596,1.1598274,-1.0105405,1.1594448,1.119955,1.4507132,1.9611615
RPL6_5953,6128,rpl6,19.35150848,22.17813769,26.50540986,2.30E-05,0.000192078,1.8263669,1.8263669,1.1215329,1.0945998,-1.0421292,-1.010771,1.0721153,1.2138833,1.8263669
RPL7A_5954,6130,rpl7a,20.27253763,22.60802519,25.67264081,7.99E-09,1.87E-07,1.8017867,1.8017867,1.0934601,1.1639633,-1.0460597,1.1564826,1.0545279,1.3057245,1.8017867
RPL8_5955,,rpl8,20.11301593,22.17281101,24.77360639,2.03E-10,6.04E-09,1.9587646,1.9587646,1.0844011,1.1099609,1.0111586,1.2340559,1.0516994,1.3608478,1.9587646
RPL9_5956,6133,rpl9,22.5300069,25.14214496,28.63895234,2.38E-07,3.70E-06,1.8244411,1.8244411,1.0842707,1.0899096,1.0000172,1.0394577,1.0428203,1.2594953,1.8244411
RPLP0_20556,,rplp0,18.82184501,20.90715611,23.54801063,3.29E-09,8.00E-08,2.0681787,2.0681787,1.1960763,1.0951751,1.0140872,1.1741323,1.0997769,1.372384,2.0681787
RPLP0_5959,,rplp0,18.14441404,19.77633231,21.98244687,5.45E-07,7.60E-06,2.1424212,2.1424212,1.103544,1.0461338,1.0103382,1.0389171,1.04289,1.200132,2.1424212
RPP40_27808,10799,rpp40,6.235893464,7.711110672,10.37880399,0.00136413,0.00691994,2.5128245,2.5128245,1.0096929,1.2799435,-1.008989,1.083402,1.4519656,1.6449457,2.5128245
RPS13_5977,,rps13,19.76140907,20.22269414,20.8229159,1.49E-06,1.78E-05,1.8885553,1.8885553,-1.0039661,-1.0361037,1.0475849,-1.0070442,-1.121086,1.0146242,1.8885553
RPS18_5982,,rps18,17.08589412,19.0004778,21.52633733,3.11E-09,7.68E-08,2.218546,2.218546,1.1951792,1.1687227,-1.0115169,1.1439334,1.1734829,1.4544733,2.218546
RPS2_5983,6187,rps2,17.82558769,20.59051226,24.67546974,8.95E-07,1.17E-05,1.9715197,1.9715197,1.2158837,1.2590133,-1.0512171,1.1478868,1.0476002,1.4815989,1.9715197
RPS20_27810,6224,rps20,23.52686843,25.33066056,28.15179348,9.30E-06,8.62E-05,1.574956,1.574956,1.0777137,1.077463,-1.1004742,1.0062318,1.0289011,1.0363948,1.574956
RPS25_5991,,rps25,25.04167301,28.06322922,32.16806801,2.95E-07,4.42E-06,1.7235945,1.7235945,1.0672328,1.1134509,1.0143064,1.0911617,1.028296,1.2406361,1.7235945
RPS27A_5998,6233,rps27a,23.07632795,26.84851961,35.24256236,0.003870496,0.016146787,1.5141548,1.5141548,1.0114013,1.0937709,-1.180237,-1.0898988,-1.0804365,-1.0281532,1.5141548
RPS3_25124,,rps3,19.4446428,22.47957973,26.94122528,3.07E-06,3.30E-05,1.8282464,1.8282464,1.1570706,1.1902539,-1.0297251,1.1828582,1.1133308,1.4597228,1.8282464
RPS4Y1_6010,6192,rps4y1,17.40907792,21.18556537,28.28616901,0.004313014,0.017547616,1.6447517,1.6447517,1.0556407,-1.0225881,1.0375122,-1.0548402,-1.2462138,1.1944802,1.6447517
RPS5_6011,6193,rps5,16.79916687,20.26925619,26.03237061,0.000268432,0.00173011,1.9497321,1.9497321,1.1513635,1.2116907,-1.1484075,1.1383017,1.0815605,1.4431636,1.9497321
RPS6_6014,,rps6,19.79701354,22.36901744,25.90644942,1.24E-07,2.13E-06,2.071435,2.071435,1.1791484,1.2214212,1.0400507,1.1712549,1.0898858,1.4183526,2.071435
RPS7_6021,,rps7,22.93507471,26.97727711,33.29116654,0.000114913,0.000833513,1.7324495,1.7324495,1.1372292,1.1098516,1.0254097,1.1329747,1.1069553,1.3104335,1.7324495
RSL24D1_11903,51187,rsl24d1,17.03096283,20.40455043,25.99962276,0.00014484,0.001013879,1.6516669,1.6516669,-1.0234169,1.0358397,-1.2721628,1.0694139,-1.0721408,1.2302208,1.6516669
SAA1_22122,100528017,saa2;saa2-saa4;saa1,12.56354124,14.93778764,16.53574294,8.81E-10,2.35E-08,-10.499923,10.499923,1.1398536,1.6244595,1.1170086,1.0144304,-1.2218363,-1.3047314,-10.499923
SCP2_27826,6342,scp2,15.63464468,16.53042593,17.52504234,9.25E-11,2.97E-09,-2.6961212,2.6961212,-1.1207926,1.0143908,1.0934637,-1.0006924,-1.03133,-1.388396,-2.6961212
SCP2_6152,6342,scp2,21.34311338,23.08869781,25.35765074,2.13E-09,5.51E-08,-1.9345292,1.9345292,-1.1211556,-1.0048665,1.0952874,-1.0009874,-1.0415561,-1.2848305,-1.9345292
SERPINA3_17487,12,serpina3,14.73425709,16.33334299,19.26473133,0.000615329,0.003535386,-2.0938773,2.0938773,1.0613835,1.238904,1.1423326,-1.2514914,-1.4368545,1.0928856,-2.0938773
SERPINE1_6253,5054,serpine1,10.39309823,11.82943319,13.83007181,3.38E-06,3.52E-05,3.0025282,3.0025282,1.1904247,-1.0594286,1.0009602,1.2025151,-1.1185337,1.8068402,3.0025282
SERPINE2_27841,5270,serpine2,5.231438006,6.473368398,8.532807708,0.000164331,0.001130572,3.6121614,3.6121614,-1.6980178,-1.0020128,1.0257487,1.4702032,1.3307351,2.1973107,3.6121614
SERPINE2_27842,5270,serpine2,6.677164097,7.942237997,9.620861899,0.000192784,0.001282293,3.4713182,3.4713182,-1.1846278,-1.1236739,-1.1376326,-1.0938302,-1.5349972,1.4231305,3.4713182
SESN1_6261,27244,sesn1,12.55232849,15.18690469,20.24494743,0.002304289,0.010434394,-1.710225,1.710225,-1.053639,1.0359958,1.3710972,1.2597039,1.2250664,-1.2780006,-1.710225
SESN2_18106,83667,sesn2,9.440150625,11.0139679,13.39029018,3.22E-05,0.000260625,2.2811544,2.2811544,-1.0057968,1.0393938,-1.1257176,1.2921486,1.0048116,1.4711982,2.2811544
SGK2_10628,10110,sgk2,4.238828525,4.977856591,5.962850316,1.00E-08,2.14E-07,2.9011557,2.9011557,1.0593176,-1.5252366,-1.3037447,1.0613358,1.0205227,2.7434318,2.9011557
SLC1A3_13929,6507,slc1a3,6.517431357,8.30680703,11.58658185,0.000165854,0.0011344,-2.7144978,2.7144978,1.16424,-1.0604396,1.202723,-1.4440043,1.319775,-2.7144978,-2.062727
SLC22A1_19293,,slc22a1,2.950069672,3.158486282,3.39759189,1.11E-16,2.22E-14,-14.76625,14.76625,1.0512574,1.0680981,-1.0089656,-1.3152965,-1.5079483,-5.676698,-14.76625
SLC22A7_18103,,slc22a7,15.24366312,17.64127831,21.15363534,3.28E-06,3.46E-05,-2.259981,2.259981,-1.079427,-1.0336069,-1.0787501,-1.052086,-1.6352723,-1.3746383,-2.259981
SLC25A6_14758,,slc25a6,12.80904277,14.81729124,17.68994828,2.26E-05,0.000189478,2.0406213,2.0406213,1.038423,1.0564266,1.1065528,1.1343791,1.1690816,1.3867176,2.0406213
SLC27A2_6426,11001,slc27a2,15.59708005,19.8917588,28.18599838,3.13E-05,0.000256351,1.9907136,1.9907136,-1.2050325,-1.1014947,1.1148757,1.1148789,1.2104522,1.9907136,1.4758039
SLC2A2_6439,6514,slc2a2,10.23272274,11.00907073,11.94029582,8.98E-11,2.97E-09,-3.8571916,3.8571916,1.1460406,1.0574163,1.0854253,-1.006444,-1.2198244,-1.5493349,-3.8571916
SLC47A1_28371,,slc47a1,7.484361223,8.759209157,10.56712807,0.000269824,0.00173011,-2.6516361,2.6516361,1.0763144,1.0870627,-1.3218704,-1.1143128,-1.2415131,-1.9963306,-2.6516361
SLC51A_15250,200931,slc51a,13.57056393,16.75719732,22.36673557,0.007694732,0.028290495,1.8082645,1.8082645,-1.0995101,-1.0391561,1.0081046,1.0867879,1.022775,1.5271137,1.8082645
SLCO1B1_14765,10599,slco1b1,30.60815638,40.78908985,64.69221321,0.000123541,0.000874271,-1.7365484,1.7365484,-1.214002,-1.261882,-1.1243589,-1.2753372,-1.460883,-1.7365484,-1.4922842
SLCO2B1_6541,11309,slco2b1,15.61659439,17.23923316,19.29784547,2.24E-07,3.56E-06,-2.0227425,2.0227425,1.0703931,1.0086699,1.0453644,-1.0301901,-1.0685769,-1.4938604,-2.0227425
SMC1A_6580,8243,smc1a,3.966327501,5.032396632,7.405317481,0.012606659,0.042188883,-2.4544077,2.4544077,1.5050752,1.046333,-1.2121736,1.3650458,-2.148916,-2.0184278,-2.4544077
SNCA_6612,6622,snca,6.020371204,7.129486505,8.894923136,0.002546355,0.011369934,-2.9645457,2.9645457,-1.1027287,-1.2020435,1.1325606,-1.3361322,-1.1719213,-2.2440493,-2.9645457
SNHG8_6618,100093630,snhg8,18.75800963,19.80875947,21.21306869,8.04E-09,1.87E-07,2.2393532,2.2393532,1.1144369,1.2155542,1.0630428,1.168579,1.016121,1.1964796,2.2393532
SQSTM1_6740,8878,sqstm1,9.917361047,10.94704451,12.25628336,1.05E-07,1.87E-06,3.3523295,3.3523295,-1.0267874,-1.0109227,-1.0182922,-1.0602735,-1.0971643,1.6647569,3.3523295
SRGN_24666,5552,srgn,11.42735644,15.8136869,33.78719983,0.006912214,0.025888503,2.3814032,2.3814032,1.3093581,-1.1537055,-1.1698582,1.0335617,2.3814032,-1.6760157,-1.6950829
SRM_19860,6723,srm,9.797322777,12.21775147,17.41184357,0.006117964,0.02335023,2.2388988,2.2388988,1.0413427,1.2800691,-1.0244359,1.351998,1.432949,1.2244904,2.2388988
SRP72_28388,6731,srp72,19.0289446,19.81773602,20.90587625,0.000214928,0.001406242,1.741358,1.741358,1.0616769,-1.061768,-1.1006281,-1.1375679,-1.2585365,-1.1858414,1.741358
SSB_23767,,ssb,27.11197898,31.81540091,39.55129373,0.00019469,0.001289621,1.5283527,1.5283527,1.0874074,1.1132241,1.1028761,-1.0270208,1.0576687,1.1369616,1.5283527
SUCLA2_6870,8803,sucla2,19.93217476,26.14942264,41.9377386,0.00811727,0.029306269,1.5322378,1.5322378,1.1066678,-1.1553655,1.0732963,1.2394184,1.1833243,1.0717291,1.5322378
SULT1B1_13188,27284,sult1b1,13.27028012,14.77933958,16.86778492,3.30E-06,3.46E-05,-2.1987076,2.1987076,1.0636188,-1.082948,-1.037806,-1.0518562,-1.206106,-1.290145,-2.1987076
SULT1B1_6880,27284,sult1b1,17.60016945,18.47699487,19.24906095,1.11E-06,1.42E-05,-2.0180373,2.0180373,1.0819484,1.0447322,1.1521424,1.0373688,-1.1269704,-1.0371206,-2.0180373
SULT2A1_24513,6822,sult2a1,17.62108601,21.54413069,28.78916864,0.001707093,0.008217629,-2.2435107,2.2435107,-1.4014937,-1.3524252,-1.3006574,-1.2040081,-1.1994325,-1.6050574,-2.2435107
SUPV3L1_6897,6832,supv3l1,8.825670469,10.0312471,11.58104362,1.23E-06,1.53E-05,2.8418064,2.8418064,1.1681002,-1.1245537,-1.0071298,-1.1922804,-1.0191199,1.3808984,2.8418064
TAF9_6939,,taf9,19.69445563,22.29285664,31.0399693,0.002419115,0.0108623,1.6079214,1.6079214,1.1077791,-1.0596159,-1.2506686,-1.0743288,1.1926461,-1.2624648,1.6079214
TALDO1_6942,6888,taldo1,22.82788908,27.87616945,39.71696243,0.014763576,0.047851606,1.5636457,1.5636457,1.0268003,1.0022693,1.1679164,1.0548255,1.1472465,1.0167251,1.5636457
TCEA2_6992,6919,tcea2,5.915828311,8.486316643,18.03835596,0.003795933,0.015929006,-2.015487,2.015487,-2.015487,1.221395,-1.1515747,1.4125346,1.024404,1.5630453,1.9179907
TES_7031,26136,tes,8.600391024,9.873781116,11.65269142,3.26E-06,3.46E-05,2.7161562,2.7161562,1.2860553,-1.0841514,-1.170154,-1.0298746,1.0292691,1.4140495,2.7161562
TMBIM6_22300,7009,tmbim6,21.7961097,23.15673539,26.26906671,0.00011256,0.000822994,1.512716,1.512716,-1.1450781,-1.2726095,-1.1318572,-1.2625662,-1.2740682,-1.2362489,1.512716
TMEM5_7211,,tmem5,17.96266178,22.22123525,30.67100974,0.011474223,0.039385822,1.579341,1.579341,-1.0634683,1.1084725,-1.0301098,1.1419336,1.0710298,1.1585519,1.579341
TMEM97_7217,27346,tmem97,12.76409459,13.68086865,14.77889218,2.00E-11,8.21E-10,-2.7014356,2.7014356,-1.0640538,-1.0872687,-1.0623838,-1.0438756,-1.0006996,-1.8131504,-2.7014356
TNFRSF21_7250,27242,tnfrsf21,5.155592359,5.900274807,6.88065146,1.90E-08,3.75E-07,4.972614,4.972614,1.0559268,1.1048824,1.1437886,1.1247128,1.8303819,2.33593,4.972614
TOMM20_11983,9804,tomm20,16.16290753,21.47557628,35.45872981,0.011714661,0.040125216,1.770339,1.770339,1.0733913,1.2444966,1.1283524,1.3746942,1.3838518,1.1464585,1.770339
TRAF3IP2_28407,10758,traf3ip2,6.5656165,8.794037625,15.81357267,5.43E-06,5.18E-05,2.5421922,2.5421922,1.8341378,-1.6615521,1.5912488,1.9076248,-1.8239539,1.5052947,2.5421922
TRIB3_7337,57761,trib3,10.32160227,11.59726265,13.00968926,3.44E-08,6.65E-07,3.9686422,3.9686422,-1.0083652,-1.3512894,-1.2321941,1.0969322,-1.308172,1.4049721,3.9686422
TRIM22_21719,10346,trim22,17.51155572,22.53887817,32.51375632,0.009530495,0.033650625,-1.5954502,1.5954502,1.0673686,1.1583428,1.0278674,-1.2627523,-1.3260069,-1.4290191,-1.5954502
TSC22D3_7366,1831,tsc22d3,6.438001707,7.814513842,10.14220742,0.00061221,0.003530332,-2.6812308,2.6812308,-1.0025519,-1.482459,-1.3811613,-1.5367781,-1.0315063,-2.5187109,-2.6812308
TSKU_7371,25987,tsku,9.704480584,11.01860633,12.94284411,2.74E-07,4.14E-06,3.2025523,3.2025523,-1.4110825,-1.3662063,1.0650959,-1.1345298,-1.2643117,1.5391595,3.2025523
TTR_7397,7276,ttr,7.769208767,8.795783518,9.93379073,1.11E-16,2.22E-14,-6.4520874,6.4520874,-1.035571,1.0117316,-1.1044497,-1.1534271,-1.4119595,-3.5655804,-6.4520874
TXNRD1_7440,7296,txnrd1,6.680635642,7.608874359,8.636720042,2.67E-10,7.77E-09,6.847451,6.847451,-1.0541564,1.0984381,1.2535738,1.1563984,1.2878886,1.7371168,6.847451
TYROBP_7448,7305,tyrobp,17.11988495,26.01379664,73.71013602,0.014365298,0.046995045,2.231573,2.231573,1.09265,-1.1783302,1.2395196,-1.2429731,2.231573,-1.7423931,-1.494612
UBA52_7459,,uba52,28.36094892,35.23940739,47.18087224,0.003092528,0.013400296,1.5853816,1.5853816,1.0934037,1.085421,1.0302494,1.0632381,1.2438748,1.1966243,1.5853816
UGT1A8_28230,54577,ugt1a9;ugt1a1;ugt1a7;ugt1a8;ugt1a10;ugt1a3;ugt1a6;ugt1a5;ugt1a4,22.4293773,26.017244,31.73596355,0.000123805,0.000874271,1.6937406,1.6937406,-1.0732611,-1.1694298,-1.0531151,-1.0512726,-1.1406548,1.1313657,1.6937406
UGT1A9_7544,54600,ugt1a9,24.47702346,33.91329325,62.06539238,0.003600069,0.015266959,-1.8614565,1.8614565,-1.0184181,1.0064479,1.0496166,-1.0645947,-1.3332379,-1.8614565,-1.3203173
UGT2B7_21389,7364,ugt2b7,13.66566829,16.90240578,21.93783544,2.19E-09,5.58E-08,-2.50511,2.50511,-1.052635,-1.1587423,-1.1261493,-1.1832554,-1.3337438,-2.036451,-2.50511
UGT2B7_7548,7364,ugt2b7,1.326525069,1.989653665,3.133922155,1.52E-08,3.09E-07,-5.474191,5.474191,-1.3698026,-1.7526268,-1.4365543,-1.6149603,-2.091948,-5.474191,-4.6040463
VAPB_7621,9217,vapb,9.721972383,12.44939326,19.51509254,0.007395574,0.027390397,-1.8599148,1.8599148,-1.5801482,1.1520662,-1.2497269,-1.0842398,1.0371569,-1.4770858,-1.8599148
VDAC2_28051,,vdac2,11.82762046,13.45277714,15.99955699,3.96E-06,4.04E-05,2.6215696,2.6215696,1.2026765,1.1397474,1.0212411,1.0231199,1.5791688,1.2135439,2.6215696
VDAC2_28052,,vdac2,9.964041178,11.59961978,13.9351723,1.16E-06,1.46E-05,2.5556371,2.5556371,1.0145223,1.2821999,-1.0329549,1.3952144,1.2044444,1.4201444,2.5556371
VEGFA_28053,7422,vegfa,12.5067864,15.00981649,19.12146182,6.06E-06,5.75E-05,1.8818657,1.8818657,1.084022,1.1128107,-1.0688467,1.23413,-1.4155674,1.8047823,1.8818657
WDR43_7707,23160,wdr43,15.22312406,17.61418609,21.27155595,4.48E-06,4.47E-05,2.1324384,2.1324384,1.25751,1.165509,1.073852,1.1242092,1.3001902,1.2968786,2.1324384
WFS1_7723,7466,wfs1,2.207928417,3.211605075,6.998567433,0.006093962,0.02331413,2.8978245,2.8978245,1.9584215,1.0970547,1.8178794,2.4005823,2.2035806,2.76188,2.8978245
YME1L1_7799,10730,yme1l1,24.08681228,35.03602886,130.4726794,0.003378339,0.014557733,-1.634331,1.634331,-1.1957778,-1.3339925,-1.304746,-1.4860215,-1.4947469,-1.634331,1.2835232
ZBTB41_11607,360023,zbtb41,16.9215225,18.74630149,21.68317357,0.000484427,0.002908375,1.7808326,1.7808326,-1.0180889,-1.0611016,1.0737988,-1.0200955,-1.051308,1.0685084,1.7808326
ZFAND1_22534,79752,zfand1,11.31575714,14.09020077,19.4354775,0.001596053,0.007729527,1.8894694,1.8894694,1.2372814,1.1365505,-1.1301264,1.289829,1.0056655,1.4887888,1.8894694
CFHR1_28694,3075,cfh;cfhr1,18.63475123,19.22344612,19.64159518,2.22E-16,3.56E-14,-2.7386112,2.7386112,-1.0155516,1.0655185,1.0169274,1.0226392,-1.2665887,-1.179882,-2.7386112
CYP2A6_28673,,cyp2a6,7.039735563,8.239452023,10.01184093,3.56E-06,3.68E-05,-3.9498978,3.9498978,-1.1566898,-1.1045687,1.0626043,-1.1825869,-1.681456,-2.8936038,-3.9498978
EIF4EBP1_28851,,eif4ebp1,9.668980794,10.89081649,12.5687294,1.64E-07,2.66E-06,2.7371643,2.7371643,1.1954771,1.1100845,1.0285186,1.2733883,1.0547478,1.6771833,2.7371643
RABGGTB_28610,,rabggtb,21.19938921,24.5478862,29.55409439,5.34E-06,5.15E-05,1.6494585,1.6494585,1.1869186,1.0755019,-1.048076,1.0089219,1.1355157,1.2955312,1.6494585
CYP3A4_28338,,cyp3a4,2.291800888,3.019808767,4.542916194,4.66E-11,1.68E-09,6.3804383,6.3804383,-1.323672,-1.2072502,1.1342779,1.4496174,2.2016485,3.6598299,6.3804383
GSR_28346,2936,gsr,19.20815542,20.81091775,23.09271278,1.55E-07,2.58E-06,1.9672523,1.9672523,1.2375367,1.0129489,1.0288637,1.0353622,1.1801723,1.1349417,1.9672523
UGT1A10_28864,54577,ugt1a7;ugt1a8;ugt1a10;ugt1a3;ugt1a6;ugt1a5;ugt1a4;ugt1a9;ugt1a1,23.33844208,26.88815829,31.95613184,5.40E-06,5.18E-05,1.749187,1.749187,-1.0497067,-1.1379962,-1.0803293,-1.1245396,-1.0768442,1.3294325,1.749187
CYP2A6_1709,,cyp2a6,4.901305193,5.688893547,6.825155417,1.65E-05,0.000143365,-4.6203256,4.6203256,-1.2744211,-1.2941663,-1.0244792,-1.5281037,-1.6640192,-3.3422594,-4.6203256
MRPL58_3192,3396,mrpl58,12.74519319,15.76816803,21.32263808,0.000406664,0.00251692,2.0838656,2.0838656,1.3902779,1.2259421,1.0825129,1.2360283,1.4011523,1.2978275,2.0838656
PRELID3B_6554,51012,prelid3b;slmo2-atp5e,20.28427017,22.23016623,24.87670531,1.57E-07,2.58E-06,1.7755901,1.7755901,1.0235373,1.0867125,1.0308393,1.015467,-1.0541773,1.2022084,1.7755901
TCEAL9_11904,51186,tceal9,30.101742,44.35940285,98.41268597,0.009628242,0.033921038,1.5868297,1.5868297,1.0899081,1.0508599,1.0061194,1.1687019,1.219822,1.5868297,1.2263296
HIKESHI_17564,51501,hikeshi,16.5315204,22.94358273,75.92497859,0.006132969,0.023351898,-1.9083601,1.9083601,-1.5098414,-1.4835153,-1.8656086,-1.3688956,-1.6519852,-1.9083601,1.416774
KHDRBS3_28184,10656,khdrbs3,18.51025091,22.45194124,29.28246219,0.000532759,0.003148832,1.5991632,1.5991632,1.1711131,1.0504019,-1.0673186,-1.1379519,-1.0370274,1.2873248,1.5991632
