Probe ID,Gene ID,Gene Symbol ,Df1,Df2,F-Value,Unadjusted P-Value,Adjusted P-Value,Max Fold Change,Max Fold Change Unsigned,FC Dose Level 1,FC Dose Level 2,bmdl,bmd,bmdu,BMDU/BMDL
1415776_at,11671,Aldh3a2,2,12,63.05939478,0.00000043,0.000776,3.8048491,3.8048491,2.099158,3.8048491,2.148718944,3.228704461,4.614679757,2.147642329
1415777_at,18946,Pnliprp1,2,12,31.1007144,0.0000179,0.006404571,1.5886211,1.5886211,1.0189619,1.5886211,7.694843009,8.637206116,9.183027563,1.193400249
1415911_at,16210,Impact,2,12,15.36203513,0.000491,0.044017956,1.705405,1.705405,1.2346159,1.705405,8.789026996,10.6212373,14.94757918,1.700709213
1416157_at,22330,Vcl,2,12,16.5198752,0.000358,0.038502043,1.5224661,1.5224661,1.0789142,1.5224661,9.369823191,10.57927028,12.71087584,1.356575848
1416248_at,192185,Nadk,2,12,59.28619708,0.000000603,0.000971,1.5559775,1.5559775,1.131905,1.5559775,16.71903647,18.35290774,21.31024087,1.27460939
1416249_at,192185,Nadk,2,12,41.06442752,0.00000429,0.002581521,1.6128885,1.6128885,1.1865546,1.6128885,14.22071115,15.91038343,19.21534664,1.351222625
1416431_at,67951,Tubb6,2,12,14.64896864,0.000602,0.048257126,1.6592565,1.6592565,-1.1366471,1.6592565,8.665224706,9.531088367,16.46564531,1.900198306
1416632_at,17436,Me1,2,12,25.02149298,0.0000524,0.012233767,2.2605247,2.2605247,1.2026925,2.2605247,8.178261151,9.23370669,10.88733886,1.331253509
1416772_at,12896,Cpt2,2,12,28.41594133,0.0000281,0.008330905,2.031702,2.031702,1.5797921,2.031702,9.571351949,11.77868569,15.94346883,1.665748884
1416946_a_at,113868;235674,Acaa1b,2,12,25.60425763,0.0000468,0.011348811,2.1017087,2.1017087,1.6110961,2.1017087,10.32601837,12.75193173,17.41339481,1.686361014
1416947_s_at,113868;235674,Acaa1,2,12,20.32129858,0.00014,0.021818335,1.5659732,1.5659732,1.3444937,1.5659732,18.23358634,22.70751275,32.51691412,1.783352628
1417008_at,12908,Crat,2,12,19.07205828,0.000188,0.025439555,3.1815886,3.1815886,1.7814249,3.1815886,3.587784745,4.53942724,7.487909911,2.087056622
1417023_a_at,11770,Fabp4,2,12,15.74716075,0.000441,0.042020657,1.6374453,1.6374453,-1.1342179,1.6374453,9.159385149,9.826731044,13.51816828,1.475881629
1417150_at,15567,Slc6a4,2,12,15.85293214,0.000428,0.041640654,1.5345244,1.5345244,1.1286832,1.5345244,8.15190537,9.46994156,11.80640641,1.448300228
1417177_at,14635,Galk1,2,12,22.58710178,0.0000855,0.016131509,1.8686973,1.8686973,1.3163503,1.8686973,10.09750901,11.92587846,15.71445981,1.556270938
1417212_at,68241,Fam195a,2,12,15.36152537,0.000491,0.044017956,1.6392463,1.6392463,1.2960272,1.6392463,12.64555607,15.74436848,25.91152826,2.049061988
1417409_at,16476,Jun,2,12,23.78212754,0.0000669,0.013960649,3.0520718,3.0520718,1.0027891,3.0520718,6.967250545,7.958296115,8.602327425,1.234680362
1417449_at,170789,Acot8,2,12,63.11762597,0.000000428,0.000776,2.44622,2.44622,1.5835121,2.44622,3.617087626,4.926726964,6.361658467,1.758779196
1417473_a_at,106564;667114,Ppcs,2,12,19.74306415,0.00016,0.023627121,1.9573822,1.9573822,1.2072766,1.9573822,6.035971017,6.951977714,8.467436002,1.402829135
1417573_at,109129,Mmadhc,2,12,66.7280519,0.000000315,0.000677,1.6091229,1.6091229,1.2671138,1.6091229,14.05300105,15.86629614,18.33366104,1.304608246
1417627_a_at,16885,Limk1,2,12,36.14771874,0.00000832,0.003951169,1.5520462,1.5520462,-1.0701385,1.5520462,8.322085996,9.214580138,9.617067876,1.155607846
1417629_at,19125,Prodh,2,12,14.72885118,0.000588,0.047964193,-1.6448082,1.6448082,-1.1952037,-1.6448082,14.20604769,17.12064959,23.98116591,1.688095552
1417785_at,85031,Pla1a,2,12,15.20418338,0.000513,0.044778941,-1.6543976,1.6543976,-1.3170788,-1.6543976,10.82440335,13.37490789,18.44908461,1.704397371
1417860_a_at,100689,Spon2,2,12,37.63663244,0.00000676,0.003453403,4.1797633,4.1797633,1.4226522,4.1797633,3.262411163,3.789561517,4.345382105,1.331954155
1417883_at,14872,Gstt2,2,12,15.80814798,0.000434,0.041796037,1.8288616,1.8288616,1.4229956,1.8288616,11.69014238,14.60179617,20.55242575,1.758098839
1417920_at,93835,Amn,2,12,49.63912189,0.00000157,0.001477647,6.4330993,6.4330993,1.2727201,6.4330993,3.600839652,4.576173875,5.354953627,1.487140263
1417963_at,18830,Pltp,2,12,18.89038975,0.000196,0.026247901,2.8127913,2.8127913,-1.0539393,2.8127913,7.123479265,8.088842415,8.828793114,1.23939339
1418123_at,22248,Unc119,2,12,18.65871781,0.000208,0.026767512,1.5858208,1.5858208,1.0173396,1.5858208,9.561863553,10.2615537,11.43596336,1.195997339
1418148_at,57742,Abhd1,2,12,53.85357789,0.00000101,0.00109265,1.595545,1.595545,1.2650039,1.595545,14.40334133,17.32734511,42.41629263,2.944892554
1418213_at,94179,Krt23,2,12,31.20147727,0.0000176,0.006404571,6.30779,6.30779,2.0553348,6.30779,1.8325851,2.302451528,2.956526916,1.613309481
1418260_at,26559,Hunk,2,12,14.90400487,0.000559,0.047033726,1.5695366,1.5695366,1.0017858,1.5695366,9.225194012,9.964231883,11.68571544,1.266717581
1418321_at,13177,Eci1,2,12,122.3865043,1.04E-08,0.0000681,2.3827608,2.3827608,1.901346,2.3827608,2.660199705,4.581953167,7.626973398,2.867067981
1418328_at,12651;12895;100134861,Cpt1b,2,12,53.2648786,0.00000108,0.001129382,2.689541,2.689541,1.2327118,2.689541,4.505362458,5.112323119,5.767097396,1.280051816
1418359_at,79565,Wbscr27,2,12,17.20637557,0.000299,0.034473158,1.5961474,1.5961474,1.0851024,1.5961474,10.84705854,12.39024522,15.62356251,1.440350161
1418370_at,21924,Tnnc1,2,12,19.56524593,0.000167,0.024255598,1.558873,1.558873,1.0562856,1.558873,7.848294308,8.67908289,9.892332607,1.260443635
1418486_at,22361,Vnn1,2,12,21.48863303,0.000108,0.018617195,26.954884,26.954884,9.390836,26.954884,0.414727955,0.750210268,9.671908993,23.32109248
1418661_at,54608,Abhd2,2,12,15.22141329,0.000511,0.044734298,1.5038078,1.5038078,-1.0328013,1.5038078,9.849951806,10.5651806,12.74319149,1.293731355
1418723_at,65086,Lpar3,2,12,42.60988569,0.00000354,0.002321546,2.0664594,2.0664594,1.1806879,2.0664594,2.860819197,3.380360422,4.001179425,1.398613177
1418989_at,13034,Ctse,2,12,46.63796337,0.00000219,0.001798608,4.5570188,4.5570188,2.3998277,4.5570188,1.858549199,2.676376133,3.960473075,2.13094874
1419103_a_at,66082,Abhd6,2,12,68.73619722,0.000000268,0.000604,1.9547418,1.9547418,1.3323789,1.9547418,8.090875188,9.264100443,10.81951811,1.337249414
1419104_at,66082,Abhd6,2,12,21.5405201,0.000107,0.018568823,1.8269627,1.8269627,1.0487354,1.8269627,8.065889238,8.835289762,9.591467641,1.189139518
1419149_at,18787,Serpine1,2,12,33.93602403,0.0000115,0.004831908,1.8497809,1.8497809,1.0331123,1.8497809,7.858970199,8.74916043,9.233236279,1.174865923
1419365_at,18631,Pex11a,2,12,98.86726368,3.51E-08,0.000132,3.1786604,3.1786604,1.6983877,3.1786604,3.645642465,4.316762427,5.201398227,1.426743922
1419367_at,67460,Decr1,2,12,136.7020191,5.52E-09,0.0000623,2.0659363,2.0659363,1.5700154,2.0659363,10.5636136,12.06081969,14.2364068,1.347683411
1419382_a_at,28200,Dhrs4,2,12,45.41504913,0.00000253,0.002015888,1.7400072,1.7400072,1.4283655,1.7400072,12.71081508,15.22197188,19.51248367,1.535108767
1419504_at,68393,Mogat1,2,12,53.82653718,0.00000102,0.00109265,10.063996,10.063996,2.2775147,10.063996,1.625826178,1.917359974,2.419157764,1.487955968
1419509_a_at,56174,Nagk,2,12,15.48674571,0.000474,0.043349914,1.6821665,1.6821665,-1.0096084,1.6821665,9.838577755,10.74147661,13.20852901,1.342524228
1420541_at,19683,Rdh16,2,12,30.91164391,0.0000184,0.006404571,1.8467381,1.8467381,1.4758581,1.8467381,10.00388541,12.22110287,16.04391168,1.603768038
1420693_at,17929,Myom1,2,12,16.11082504,0.000399,0.040324772,1.8523034,1.8523034,1.2920593,1.8523034,4.145586064,5.179633292,8.614396049,2.077968209
1420772_a_at,14605,Tsc22d3,2,12,16.16182079,0.000394,0.040324772,-1.7913584,1.7913584,-1.0860288,-1.7913584,10.53198809,11.8638484,15.35303706,1.457752984
1420965_a_at,13803,Enc1,2,12,23.43694656,0.0000717,0.014409113,1.5141758,1.5141758,1.0262622,1.5141758,9.652312137,10.3392227,11.35933529,1.176851217
1421011_at,114664,Hsd17b11,2,12,55.09755836,0.000000897,0.00109265,3.8863914,3.8863914,2.4287715,3.8863914,1.147586769,2.017432665,3.023679505,2.634815586
1421326_at,12983,Csf2rb,2,12,28.11816715,0.0000296,0.008488877,3.7960627,3.7960627,1.1057423,3.7960627,5.505294141,6.540520497,7.299150386,1.325842035
1421424_a_at,16790,Anpep,2,12,15.87061433,0.000426,0.041637234,1.5576446,1.5576446,-1.0920104,1.5576446,10.16323404,10.87935145,13.57578001,1.335773629
1421456_at,18441,P2ry1,2,12,18.27994774,0.000228,0.028689578,1.5659084,1.5659084,1.1623844,1.5659084,9.863525441,11.43521054,14.57463179,1.477629057
1421848_at,20520,Slc22a5,2,12,43.62312187,0.00000312,0.002184893,3.0297902,3.0297902,1.3974246,3.0297902,4.552759338,5.114026935,5.772437614,1.267898693
1421993_a_at,66990,Tmem134,2,12,25.75900824,0.0000455,0.011144851,1.5041846,1.5041846,1.22335,1.5041846,12.42663928,14.81312753,22.02992107,1.772797985
1422146_at,20357,Sema5b,2,12,23.18690926,0.0000755,0.014863789,1.9578843,1.9578843,1.1962577,1.9578843,5.178308676,5.904050109,6.888359147,1.330233398
1422526_at,14081,Acsl1,2,12,22.19714094,0.0000928,0.016813723,1.6020373,1.6020373,1.4167352,1.6020373,15.16429435,19.67569826,29.25856978,1.929438265
1422906_at,26357,Abcg2,2,12,15.71511254,0.000445,0.042020657,1.5292188,1.5292188,1.1499617,1.5292188,14.93497011,17.79780307,23.58848963,1.579413246
1422943_a_at,15507,Hspb1,2,12,30.00479254,0.0000214,0.006957824,3.2378752,3.2378752,1.3238156,3.2378752,5.047601817,5.721623329,6.526618006,1.293013641
1422996_at,171210,Acot2,2,12,29.99710492,0.0000214,0.006957824,7.3192315,7.3192315,1.9054389,7.3192315,2.05344001,2.552320531,3.262869972,1.588977499
1423108_at,57279,Slc25a20,2,12,34.92802614,0.00000993,0.004432487,2.1266477,2.1266477,1.6303191,2.1266477,4.725285798,6.887959148,16.38384979,3.467271714
1423109_s_at,57279,Slc25a20,2,12,30.20040384,0.0000207,0.006875025,2.231377,2.231377,1.7156601,2.231377,2.746980328,4.613514963,9.906595683,3.606358438
1423166_at,12491,Cd36,2,12,40.63282049,0.00000454,0.002600124,4.881966,4.881966,1.4169918,4.881966,4.003147053,4.595474962,5.227234049,1.305781172
1423257_at,13119,Cyp4a14,2,12,56.16168607,0.000000809,0.001072699,12.281199,12.281199,11.257362,12.281199,0.108430723,0.397920423,0.756523525,6.977021877
1423410_at,104362,Meig1,2,12,33.03614137,0.0000132,0.005309753,2.9625494,2.9625494,1.3829643,2.9625494,2.403841984,2.854360161,3.401531671,1.41503963
1423574_s_at,57357,Srd5a3,2,12,15.93298646,0.000419,0.041451687,1.5423597,1.5423597,1.2146077,1.5423597,10.93311024,13.16171353,18.90066987,1.728755081
1423611_at,11647,Alpl,2,12,24.82183186,0.0000544,0.012458816,2.626733,2.626733,1.2023904,2.626733,5.545717843,6.293518444,7.22668371,1.303110601
1423777_at,74270,Usp20,2,12,22.46300909,0.0000877,0.016161985,1.5056684,1.5056684,-1.0773996,1.5056684,9.375545651,10.0604858,10.84068863,1.156272822
1423828_at,14104,Fasn,2,12,27.09221281,0.0000355,0.00933662,1.9475796,1.9475796,1.1766139,1.9475796,9.290278158,10.43891124,12.1721934,1.310207638
1423960_at,14792,Lpcat3,2,12,29.4884305,0.0000234,0.00721473,1.5473688,1.5473688,1.1372683,1.5473688,15.1868746,17.4756875,21.53051317,1.417705337
1424041_s_at,50908,C1s1,2,12,20.34520738,0.00014,0.021818335,-1.6205908,1.6205908,-1.135527,-1.6205908,14.6714907,17.07158792,22.21118607,1.513901111
1424118_a_at,66442,Spc25,2,12,17.83574879,0.000254,0.030844514,2.1456661,2.1456661,1.024575,2.1456661,6.796453278,7.746475345,8.639502601,1.271178105
1424167_a_at,29858,Pmm1,2,12,14.87393529,0.000564,0.047039158,1.5853167,1.5853167,-1.0614815,1.5853167,8.728961623,9.56527902,11.45084878,1.31182256
1424273_at,226105,Cyp2c70,2,12,15.16663231,0.000519,0.045083302,-1.6755166,1.6755166,-1.2306556,-1.6755166,16.03616068,19.27319701,26.18473455,1.632855586
1424359_at,75475,Oplah,2,12,58.32250193,0.000000659,0.00099,2.140387,2.140387,1.5009933,2.140387,5.822008478,7.971676763,11.17619688,1.919646273
1424451_at,235674,Acaa1b,2,12,22.59986933,0.0000853,0.016131509,1.7236208,1.7236208,1.4879422,1.7236208,14.80614092,19.09545755,28.37105713,1.91616825
1424493_s_at,105887,Ugt3a1,2,12,27.34152337,0.000034,0.009117416,1.9641675,1.9641675,1.6326022,1.9641675,1.602229179,3.416797954,9.999020665,6.24069315
1424592_a_at,13419,Dnase1,2,12,43.66422499,0.00000311,0.002184893,1.8682476,1.8682476,-1.0076928,1.8682476,7.546696487,8.572703789,9.159922517,1.213765855
1424626_at,69861,2010003K11Rik,2,12,54.89720389,0.000000915,0.00109265,3.530405,3.530405,1.6297954,3.530405,3.732485616,4.250420337,4.884401549,1.308618988
1424683_at,66270,Fam134b,2,12,31.55918245,0.0000166,0.006298686,-1.5265979,1.5265979,1.1222264,-1.5265979,10.75952889,11.31332557,12.72650074,1.182812079
1424715_at,67442,Retsat,2,12,48.71643812,0.00000174,0.001545534,2.8331633,2.8331633,2.3304055,2.8331633,0.41731429,1.335761494,2.713249179,6.501692471
1424716_at,67442,Retsat,2,12,87.55020114,6.96E-08,0.000224,6.7002683,6.7002683,4.030217,6.7002683,0.505674297,1.255337224,1.806893412,3.573235627
1424853_s_at,13117;666168,Cyp4a10,2,12,30.37189923,0.0000202,0.006732309,6.493746,6.493746,5.8622074,6.493746,0.159306137,0.514495043,0.978667899,6.143315735
1424904_at,219189,Vwa8,2,12,77.50736402,0.000000138,0.000365,2.2281532,2.2281532,1.5101943,2.2281532,4.048689907,5.192916362,6.712870708,1.658035281
1424943_at,666168,Cyp4a31,2,12,211.8286996,4.37E-10,0.00000657,28.62732,28.62732,9.1880245,28.62732,0.259968371,0.743734491,1.284187711,4.939784428
1424981_at,75805,Nln,2,12,45.03825911,0.00000264,0.002052535,2.485721,2.485721,1.1028141,2.485721,7.161931452,8.015688668,8.59901624,1.200656038
1425281_a_at,14605,Tsc22d3,2,12,19.44325242,0.000172,0.024358148,-1.7777029,1.7777029,-1.0310042,-1.7777029,10.21034762,11.06435781,12.73370401,1.247137168
1425409_at,110902,Chrna2,2,12,28.17312648,0.0000293,0.008488877,6.332062,6.332062,3.2447712,6.332062,0.82575058,1.312851419,2.402595086,2.909589339
1425542_a_at,26931,Ppp2r5c,2,12,34.42408765,0.0000107,0.004657465,1.6955419,1.6955419,1.3054682,1.6955419,10.93457673,13.32450426,17.77479122,1.625558232
1425733_a_at,13860,Eps8,2,12,19.50370255,0.00017,0.02427525,1.5482676,1.5482676,1.2211666,1.5482676,7.280738222,9.022155758,12.83093112,1.762311833
1425834_a_at,14732,Gpam,2,12,55.83712946,0.000000834,0.0010753,1.6520709,1.6520709,1.1497967,1.6520709,12.12373665,13.17598317,14.59814802,1.204096431
1425964_x_at,15507,Hspb1,2,12,27.58117842,0.0000325,0.009001823,3.8918238,3.8918238,1.378544,3.8918238,4.292826717,4.940193784,5.676864422,1.322407075
1426452_a_at,75985,Rab30,2,12,16.15507809,0.000395,0.040324772,4.269851,4.269851,3.0387568,4.269851,0.552840735,0.993601453,3.388169266,6.12865343
1426522_at,231086,Hadhb,2,12,54.21194867,0.000000979,0.00109265,1.5967004,1.5967004,1.3695673,1.5967004,15.86501379,19.11526572,24.51032535,1.544929344
1426758_s_at,17263,Meg3,2,12,30.79463121,0.0000188,0.006424111,-2.9343152,2.9343152,-1.873412,-2.9343152,3.01451628,4.122456425,5.936777212,1.969396301
1426785_s_at,23945,Mgll,2,12,23.29220484,0.0000739,0.014609873,1.9471613,1.9471613,1.2839118,1.9471613,10.2709552,11.86092896,14.74566932,1.435666794
1426856_at,72479,Hsdl2,2,12,26.03537823,0.0000432,0.010755633,2.0835543,2.0835543,1.7074112,2.0835543,1.11502442,2.129218586,6.596731718,5.916221743
1426857_a_at,72479,Hsdl2,2,12,41.19897055,0.00000422,0.002581521,2.201596,2.201596,1.7636817,2.201596,1.352533896,2.798283359,6.679689613,4.938648585
1426893_at,98952,Fam102a,2,12,16.90707691,0.000323,0.036329425,2.1081448,2.1081448,1.1408108,2.1081448,5.75856191,6.583056108,7.66108696,1.330381974
1426894_s_at,98952,Fam102a,2,12,23.1230609,0.0000765,0.014929992,2.273331,2.273331,-1.0539111,2.273331,7.818591146,8.740759147,9.298502234,1.189281043
1426989_at,232370,Clstn3,2,12,45.34033744,0.00000255,0.002015888,2.5475318,2.5475318,1.2032363,2.5475318,5.629924283,6.262797148,6.910727776,1.22749924
1427033_at,71972,Dnmbp,2,12,23.95554477,0.0000646,0.013802186,1.5571896,1.5571896,1.3570021,1.5571896,11.85680197,14.91664138,20.92965886,1.7652027
1427357_at,72269,Cda,2,12,17.96721939,0.000246,0.030085789,2.5259805,2.5259805,1.944401,2.5259805,1.332827259,2.04368443,4.131836648,3.10005413
1427450_x_at,17912,Myo1b,2,12,19.35210022,0.000176,0.024460482,-1.755941,1.755941,1.0556703,-1.755941,9.668572298,10.53982781,11.67512772,1.207533787
1427472_a_at,110382,C8b,2,12,26.64523859,0.0000385,0.009991377,-1.6007681,1.6007681,-1.2023062,-1.6007681,16.53318923,19.18099771,25.8880922,1.565825676
1427539_a_at,52696,Zwint,2,12,30.99436103,0.0000182,0.006404571,1.6374394,1.6374394,1.1930164,1.6374394,8.53659837,9.682106049,11.30933675,1.324806001
1427895_at,69535,Ten1,2,12,48.66896259,0.00000175,0.001545534,2.148127,2.148127,1.3669764,2.148127,4.219813621,4.892308082,5.660660864,1.341448076
1427912_at,109857,Cbr3,2,12,37.20981308,0.00000717,0.003548143,5.2764916,5.2764916,-1.3494617,5.2764916,6.674476949,7.779163628,8.587850765,1.286670226
1428143_a_at,66853,Pnpla2,2,12,19.53486612,0.000168,0.02427525,1.6217579,1.6217579,1.1722479,1.6217579,11.83611853,13.74219074,17.15932522,1.449742597
1428484_at,71720,Osbpl3,2,12,47.31562196,0.00000203,0.001728586,4.181243,4.181243,1.1465107,4.181243,4.949285305,6.239983691,7.211449003,1.45706876
1428512_at,70237,Bhlhb9,2,12,24.43313092,0.0000587,0.012983258,2.659852,2.659852,1.2516177,2.659852,3.467095312,4.086304377,4.800643223,1.384629723
1428559_at,70750,Kdsr,2,12,237.6782327,2.23E-10,0.00000503,2.9907894,2.9907894,1.3489422,2.9907894,5.195245723,5.463744099,5.768008921,1.110247566
1428635_at,69156,Comtd1,2,12,16.0398879,0.000407,0.040796685,1.6802255,1.6802255,-1.0220549,1.6802255,9.193314918,9.987815155,11.29847888,1.228988562
1428677_at,71968,Wdr73,2,12,60.1897971,0.000000555,0.000927,1.6381123,1.6381123,1.214128,1.6381123,10.9591315,11.9493643,13.54916582,1.236335727
1428678_s_at,71968,Wdr73,2,12,58.03277393,0.000000677,0.00099,1.7922763,1.7922763,1.2244172,1.7922763,7.690764385,8.453463512,9.355023215,1.216397064
1428743_at,76809,Bri3bp,2,12,37.14039462,0.00000724,0.003548143,1.6975931,1.6975931,1.0733676,1.6975931,10.1416087,10.85607051,11.90787687,1.174160552
1428744_s_at,76809,Bri3bp,2,12,24.98192433,0.0000528,0.012264267,1.6092389,1.6092389,-1.0064327,1.6092389,10.0532236,10.55695633,11.45070836,1.139008621
1429212_a_at,69358,Lrrc51,2,12,22.6189929,0.0000849,0.016131509,1.7045491,1.7045491,1.1216857,1.7045491,7.731381257,8.694168541,10.16365067,1.314597008
1429295_s_at,69716,Trip13,2,12,16.10730005,0.0004,0.040324772,1.6544287,1.6544287,-1.2898192,1.6544287,7.423053302,8.477376949,16.43408508,2.213925243
1429298_at,69219,Ddah1,2,12,22.81835413,0.0000815,0.015631864,1.5347075,1.5347075,1.2562392,1.5347075,15.65209693,19.62097303,34.72440758,2.218514729
1429299_at,69219,Ddah1,2,12,17.5909626,0.000271,0.032209241,1.6177405,1.6177405,1.2511606,1.6177405,11.23093533,13.67218782,20.2279409,1.801091387
1429364_at,75939,4930579G24Rik,2,12,27.46061629,0.0000332,0.009117416,1.8173472,1.8173472,-1.151354,1.8173472,7.732622397,8.700376348,9.287390553,1.201066091
1429523_a_at,72002,Slc39a5,2,12,57.04727179,0.000000743,0.001015271,2.6916692,2.6916692,1.1901497,2.6916692,5.089139955,5.800828127,6.477527689,1.272813824
1429786_a_at,52696,Zwint,2,12,14.78236207,0.000579,0.047658863,1.6385562,1.6385562,1.076808,1.6385562,9.985520049,11.29013123,14.19259406,1.421317466
1429787_x_at,52696,Zwint,2,12,23.56078425,0.0000699,0.014269399,1.5507345,1.5507345,1.1641065,1.5507345,11.11040102,12.8590068,16.14451833,1.453099515
1429809_at,278279,Tmtc2,2,12,14.91814334,0.000557,0.046946269,2.3845735,2.3845735,2.315614,2.3845735,0.280736617,0.67111765,14.92918633,53.17862169
1429988_at,56525,Zfp235,2,12,20.6692657,0.00013,0.02077074,-1.6950623,1.6950623,-1.0577785,-1.6950623,7.031858167,7.810415211,8.614458972,1.225061537
1430117_a_at,22722;100502777,Zfp64,2,12,16.58130644,0.000352,0.038335307,1.6817017,1.6817017,1.103517,1.6817017,9.091263745,10.35870191,14.58683635,1.604489404
1430307_a_at,17436,Me1,2,12,33.48191855,0.0000123,0.005050234,2.022824,2.022824,1.2502619,2.022824,10.4700275,11.75500201,13.84414564,1.322264495
1430570_at,70789,Kynu,2,12,38.09768007,0.00000634,0.003366513,-1.5295322,1.5295322,-1.025058,-1.5295322,11.72254942,12.70300355,14.74912199,1.258183819
1430780_a_at,29858,Pmm1,2,12,14.62891901,0.000605,0.04831696,1.6707056,1.6707056,1.1121992,1.6707056,7.04678467,8.11354961,9.984541989,1.416893301
1431012_a_at,23986,Eci2,2,12,21.36240548,0.000111,0.018848917,1.8658928,1.8658928,1.6073444,1.8658928,10.90658437,14.18271443,21.96439009,2.013865142
1431255_at,73316,Calr3,2,12,32.64582819,0.000014,0.005589842,1.83076,1.83076,1.1653384,1.83076,4.613759682,5.206205015,5.93236018,1.285797395
1431424_at,77994,2810055G20Rik,2,12,19.0834023,0.000187,0.025439555,-1.5043944,1.5043944,-1.0153874,-1.5043944,9.604650156,10.46753337,11.78325537,1.22682817
1433073_at,71127,4933425E08Rik,2,12,24.33816599,0.0000598,0.013079346,1.7351394,1.7351394,1.1083219,1.7351394,6.356249018,7.129517122,8.15249716,1.282595622
1433493_at,108958,Fam73b,2,12,21.7298989,0.000103,0.018078567,1.60335,1.60335,1.1397043,1.60335,12.19793208,13.99317909,17.17547185,1.408064231
1433598_at,234023,Arglu1,2,12,20.32675607,0.00014,0.021818335,-1.5958083,1.5958083,-1.0385005,-1.5958083,9.67090771,10.37684717,11.56643525,1.196003063
1433634_at,270110,Irf2bp2,2,12,15.48541165,0.000474,0.043349914,-1.5693316,1.5693316,1.2019644,-1.5693316,10.07914004,10.96073482,20.58238945,2.042077931
1433995_s_at,67501,Ccdc50,2,12,14.70863447,0.000592,0.04804745,-1.5813572,1.5813572,-1.048119,-1.5813572,11.27634894,12.81417342,15.56868673,1.380649606
1434089_at,104027,Synpo,2,12,43.3498131,0.00000323,0.002207174,1.8459057,1.8459057,-1.0976892,1.8459057,7.935995219,8.862963536,9.369811763,1.180672556
1434138_at,229589,Prune,2,12,23.72959775,0.0000676,0.014009007,2.365005,2.365005,1.0499903,2.365005,7.280851899,8.14487658,8.849972571,1.215513335
1434170_at,245404,Dcaf12l1,2,12,14.84064793,0.000569,0.04720929,1.646343,1.646343,-1.0987377,1.646343,7.974956953,8.916798214,11.8650135,1.487784018
1434180_at,218952,Fermt2,2,12,22.39084323,0.0000891,0.016330378,-1.5102013,1.5102013,-1.033283,-1.5102013,12.8044408,14.21754613,16.95767709,1.324359053
1434181_at,218952,Fermt2,2,12,27.35693029,0.0000339,0.009117416,-1.5246525,1.5246525,-1.0114241,-1.5246525,11.70106514,12.63858859,14.63108584,1.250406324
1434185_at,107476,Acaca,2,12,43.55928364,0.00000315,0.002184893,1.6855881,1.6855881,1.1633011,1.6855881,11.13322734,12.34438828,14.30742304,1.285110113
1434271_at,230101,Gba2,2,12,17.0519544,0.000311,0.035501775,-1.5052679,1.5052679,-1.3474882,-1.5052679,10.96184923,14.1575746,21.68055669,1.977819274
1434382_at,230779,Serinc2,2,12,39.51213366,0.00000525,0.002887464,2.5230534,2.5230534,1.3367271,2.5230534,4.332349724,4.924873379,5.607404992,1.294310328
1434473_at,217316,Slc16a5,2,12,38.64050981,0.0000059,0.00316548,3.1321833,3.1321833,1.5276335,3.1321833,3.522799004,4.112589065,4.804986353,1.363968352
1434629_at,320633,Zbtb26,2,12,15.01864514,0.000541,0.046395902,-1.5790863,1.5790863,-1.0576984,-1.5790863,7.619835086,8.529865354,9.829777404,1.290024954
1434642_at,114664,Hsd17b11,2,12,41.32983707,0.00000415,0.002581521,2.2213047,2.2213047,1.7314385,2.2213047,9.866465739,12.0930434,16.19576719,1.641496319
1434923_at,68033,Cox19,2,12,19.19705585,0.000182,0.025068078,1.6594281,1.6594281,1.0825282,1.6594281,11.53492938,13.01086191,15.78339872,1.368313424
1434944_at,13400,Dmpk,2,12,17.53896421,0.000274,0.032345842,1.6452742,1.6452742,-1.1464297,1.6452742,8.778462207,9.626611413,10.6302341,1.210944907
1435134_at,320024,Nceh1,2,12,24.33310861,0.0000599,0.013079346,2.3841646,2.3841646,1.2689469,2.3841646,5.217827664,5.978762904,7.056278105,1.3523402
1435135_at,320024,Nceh1,2,12,40.89840692,0.00000438,0.002600124,2.4062994,2.4062994,1.2400445,2.4062994,5.861970066,6.493443232,7.285674846,1.242871383
1435245_at,216456,Gls2,2,12,18.85405088,0.000198,0.026310889,-1.6550494,1.6550494,-1.0925417,-1.6550494,13.59757169,15.71514265,19.71235262,1.449696539
1435376_at,72108,Ddhd2,2,12,20.14962248,0.000146,0.02238483,1.8047702,1.8047702,1.2850895,1.8047702,8.574966624,10.20278454,12.99827845,1.515840122
1435745_at,223739,5031439G07Rik,2,12,26.23951176,0.0000416,0.010527929,1.9345324,1.9345324,1.2637799,1.9345324,7.511769091,8.61679012,10.34771868,1.377534181
1435808_at,216792,Iba57,2,12,42.9170486,0.00000341,0.002292226,1.8402337,1.8402337,1.2797247,1.8402337,7.198500387,8.138386591,9.323443321,1.295192446
1435899_at,70750,Kdsr,2,12,43.91706955,0.00000302,0.002184893,2.148416,2.148416,1.294619,2.148416,5.868354929,6.541477044,7.340946411,1.250937699
1435963_at,20357,Sema5b,2,12,40.60280748,0.00000455,0.002600124,1.7790301,1.7790301,1.1826049,1.7790301,5.950265029,6.604012173,7.430809321,1.24881989
1435979_a_at,217328,Myo15b,2,12,14.99351049,0.000545,0.046478545,1.7572247,1.7572247,1.2655087,1.7572247,5.692551254,7.051256549,9.884402562,1.736374803
1436447_at,320961,A630026N12Rik,2,12,14.67611276,0.000597,0.048211819,-1.5869235,1.5869235,-1.1238718,-1.5869235,8.765535433,10.16243185,12.90960759,1.472768856
1436508_at,109154,Mlec,2,12,26.37799729,0.0000405,0.01043652,1.6910601,1.6910601,1.0715711,1.6910601,9.3140911,10.13327274,11.33856771,1.217356324
1436713_s_at,17263,Meg3,2,12,31.19975169,0.0000176,0.006404571,-5.757156,5.757156,-2.729637,-5.757156,1.326858943,1.753439442,2.440244557,1.839113774
1436890_at,227620,Uap1l1,2,12,37.5755365,0.00000681,0.003453403,1.5963764,1.5963764,-1.1398932,1.5963764,9.05090143,9.853104722,10.24964889,1.132445091
1437172_x_at,231086,Hadhb,2,12,23.69662104,0.000068,0.014009007,1.7052895,1.7052895,1.3524127,1.7052895,11.24961153,13.68168509,18.0516079,1.604642778
1437381_x_at,52710,Slc52a2,2,12,33.55952704,0.0000122,0.005036869,1.500965,1.500965,1.1163387,1.500965,9.475427918,10.55165834,12.10225908,1.277225597
1437398_a_at,56752,Aldh9a1,2,12,118.3894714,1.26E-08,0.000071,1.5029442,1.5029442,1.2707189,1.5029442,18.24227082,20.79943549,24.41859438,1.338572079
1437496_at,338350,Acad12,2,12,18.66908052,0.000207,0.026767512,1.5155717,1.5155717,-1.0018255,1.5155717,9.827328768,10.46858522,11.61369268,1.181775125
1438038_at,228602,4930402H24Rik,2,12,21.27906002,0.000113,0.019026751,1.5968978,1.5968978,-1.059133,1.5968978,9.29665208,10.08099075,10.79895536,1.16159616
1438055_at,109222,Rarres1,2,12,19.13083659,0.000185,0.025389614,1.8699391,1.8699391,1.3432261,1.8699391,9.84632492,12.00423846,17.54882257,1.782271326
1438147_at,109267,Srcrb4d,2,12,40.63828417,0.00000453,0.002600124,2.058468,2.058468,1.2926009,2.058468,6.462049482,7.255955848,8.204194642,1.269596382
1438659_x_at,66098,Chchd6,2,12,14.96202339,0.00055,0.046621134,1.8531502,1.8531502,1.23609,1.8531502,5.83576579,7.013002823,9.415317395,1.613381642
1439380_x_at,17263,Meg3,2,12,34.95318147,0.00000989,0.004432487,-3.2415972,3.2415972,-1.8155731,-3.2415972,3.675950489,4.661198593,5.763015236,1.567761931
1439451_x_at,52710,Slc52a2,2,12,37.79931436,0.00000661,0.003425867,1.5323664,1.5323664,1.1318687,1.5323664,8.309824207,9.2148819,10.40482768,1.252111648
1439478_at,171210,Acot2,2,12,29.85069263,0.000022,0.007031092,6.267293,6.267293,1.7615203,6.267293,3.180360056,3.784603,4.526074633,1.423132776
1440134_at,666168,Cyp4a31,2,12,280.2209205,8.49E-11,0.00000383,17.911049,17.911049,7.915064,17.911049,0.482451466,0.994225513,1.398700151,2.899152037
1440331_at,70750,Kdsr,2,12,64.61701629,0.000000376,0.000738,2.1600716,2.1600716,1.2541051,2.1600716,6.105704068,6.671338488,7.303889364,1.196240316
1440536_at,,,2,12,17.78972408,0.000257,0.030954656,2.0350604,2.0350604,1.3746601,2.0350604,4.715365948,5.82614535,7.744256296,1.642344705
1441328_at,,,2,12,71.76785828,0.000000211,0.000501,1.6855669,1.6855669,1.0061313,1.6855669,8.503845819,9.43276851,9.758366842,1.147523961
1441971_at,,,2,12,57.63533553,0.000000703,0.00099,2.7781785,2.7781785,1.3520972,2.7781785,2.723994795,3.156298684,3.694291884,1.356203724
1443192_at,210757,Themis,2,12,36.82712426,0.00000756,0.003666885,2.010135,2.010135,1.0844587,2.010135,5.006759437,6.003868249,6.767545759,1.35168183
1443829_x_at,71743,Coasy,2,12,15.97560792,0.000414,0.041330832,1.6462538,1.6462538,1.2174963,1.6462538,9.901885964,11.94192339,17.93644155,1.811416695
1443870_at,239273,Abcc4,2,12,22.04076019,0.000096,0.017245717,4.483567,4.483567,-1.0953852,4.483567,5.795282946,6.969840375,7.790706895,1.344318641
1444790_at,66255,Hsbp1l1,2,12,17.12991624,0.000305,0.034878122,-2.0010672,2.0010672,-1.4272777,-2.0010672,4.864756919,6.024423187,9.013346386,1.852784535
1446675_at,11534,Adk,2,12,26.00256126,0.0000434,0.010762517,-1.903363,1.903363,1.1578908,-1.903363,8.13203276,9.091410635,9.805753312,1.205818225
1446720_at,,,2,12,18.15790401,0.000235,0.029243517,-1.6681784,1.6681784,1.0008187,-1.6681784,8.042539997,8.941799238,9.901548065,1.231146885
1446990_at,18027,Nfia,2,12,14.64912003,0.000602,0.048257126,-2.118642,2.118642,-1.2215496,-2.118642,6.80890792,7.822585741,9.48877976,1.393583211
1447186_at,381884,Slc6a16,2,12,95.77538935,0.000000042,0.000146,3.3658533,3.3658533,1.8938873,3.3658533,1.295343581,1.895115063,2.387029043,1.842776757
1447670_at,67151,Psmd9,2,12,19.45341408,0.000172,0.024358148,-1.6241937,1.6241937,-1.228172,-1.6241937,5.859393291,6.981012744,8.717885922,1.487847886
1447845_s_at,22361,Vnn1,2,12,33.23346506,0.0000128,0.005197933,20.290768,20.290768,5.701655,20.290768,0.594890526,0.991459975,1.576546465,2.650145527
1448205_at,268697;434175,Ccnb1,2,12,18.06525698,0.00024,0.02976112,1.7735642,1.7735642,-1.413308,1.7735642,7.554993623,8.596441457,16.54299829,2.189677334
1448382_at,74147,Ehhadh,2,12,57.76661196,0.000000694,0.00099,4.339959,4.339959,2.3744462,4.339959,1.794926781,2.860456483,4.11681064,2.293581378
1448391_at,56382,Rab9,2,12,20.69473316,0.000129,0.0207674,1.5443481,1.5443481,1.3424023,1.5443481,14.28621064,18.14709803,26.3386695,1.843642808
1448448_a_at,12651,Chkb,2,12,14.58326497,0.000614,0.048629054,1.5910037,1.5910037,1.3704828,1.5910037,12.16595072,15.87211758,24.50756181,2.014438689
1448491_at,51798,Ech1,2,12,122.0652619,1.06E-08,0.0000681,2.4874716,2.4874716,1.9262017,2.4874716,2.559332938,4.26985806,6.735162484,2.631608567
1448499_a_at,13850,Ephx2,2,12,30.92544595,0.0000184,0.006404571,1.6661221,1.6661221,1.4490722,1.6661221,14.74635296,18.46007081,26.09041588,1.769279221
1448569_at,109154,Mlec,2,12,20.55862796,0.000133,0.02111259,1.6055337,1.6055337,1.0028213,1.6055337,10.54076233,11.21443145,12.91144427,1.224906119
1448694_at,16476,Jun,2,12,23.47420202,0.0000712,0.014392508,2.791199,2.791199,1.0359609,2.791199,6.723030229,7.72631984,8.39186161,1.248226071
1448722_s_at,106564,Gm8465,2,12,47.51403739,0.00000199,0.001722995,1.6588151,1.6588151,1.2228253,1.6588151,11.37868595,12.66566443,14.9891902,1.317304148
1448736_a_at,15452,Hprt,2,12,17.43133496,0.000282,0.032854928,1.5663323,1.5663323,1.1245826,1.5663323,14.21879647,16.67489962,21.05190476,1.480568683
1448752_at,12349,Car2,2,12,28.32203447,0.0000285,0.008413256,1.5990294,1.5990294,1.1842234,1.5990294,9.72161946,11.04674312,13.11675029,1.349235109
1448945_at,67801,Pllp,2,12,15.29576145,0.0005,0.044321745,1.534238,1.534238,1.2800661,1.534238,12.36389753,15.97201638,31.88162502,2.578606377
1448987_at,11363,Acadl,2,12,111.7414612,1.75E-08,0.0000878,1.6785375,1.6785375,1.4046861,1.6785375,14.60275353,17.09701713,21.08141531,1.443660285
1448989_a_at,17912,Myo1b,2,12,16.12701825,0.000398,0.040324772,-1.8182081,1.8182081,1.0420121,-1.8182081,9.657123372,10.41864362,11.87833442,1.230007525
1448990_a_at,17912,Myo1b,2,12,17.64977927,0.000267,0.031815542,-1.7349375,1.7349375,1.0767866,-1.7349375,10.0020147,10.69046163,16.17806898,1.617481025
1449027_at,69581,Rhou,2,12,22.52922349,0.0000865,0.016161985,1.5931116,1.5931116,1.1302668,1.5931116,13.09685595,14.9278385,18.12588185,1.383987266
1449028_at,69581,Rhou,2,12,24.73669093,0.0000553,0.012510989,1.5751091,1.5751091,1.1111127,1.5751091,12.27615992,13.87591372,16.60445896,1.352577603
1449442_at,18631,Pex11a,2,12,103.7718471,2.67E-08,0.00012,2.9944987,2.9944987,1.5798025,2.9944987,4.976908855,5.695071446,6.507629798,1.307564592
1449443_at,67460,Decr1,2,12,77.881569,0.000000134,0.000365,2.433197,2.433197,1.5669227,2.433197,3.627235217,4.711470959,5.973859542,1.646945727
1449773_s_at,17873,Gadd45b,2,12,18.25510774,0.000229,0.028780243,2.6901271,2.6901271,1.1497192,2.6901271,5.314571066,6.173420456,7.302472161,1.374047326
1450200_s_at,12983;12984,Csf2rb,2,12,65.80775549,0.00000034,0.000698,1.8315214,1.8315214,1.0344832,1.8315214,7.691754701,9.051399516,9.596929889,1.247690581
1450242_at,53791,Tlr5,2,12,18.52906013,0.000214,0.02729009,1.9872051,1.9872051,-1.0564644,1.9872051,7.846446281,8.750668776,9.488644855,1.209292018
1450391_a_at,23945,Mgll,2,12,34.26611199,0.0000109,0.004657465,2.141205,2.141205,1.3985941,2.141205,7.375497524,8.591695066,10.22826907,1.386790388
1450395_at,20520,Slc22a5,2,12,52.58702787,0.00000115,0.001182585,2.786895,2.786895,1.4480956,2.786895,5.5621061,6.232416625,7.031640111,1.264204599
1450725_s_at,23831,Car14,2,12,18.83372607,0.000199,0.026310889,-1.5549164,1.5549164,-1.1354505,-1.5549164,13.90591257,16.08697996,20.52471479,1.47597036
1450883_a_at,12491,Cd36,2,12,37.34889777,0.00000703,0.003523569,5.8758135,5.8758135,1.550874,5.8758135,3.397200934,3.943782731,4.54006665,1.33641393
1450884_at,12491,Cd36,2,12,35.51956612,0.00000911,0.004278639,4.0339193,4.0339193,1.3610632,4.0339193,3.380698942,3.966324592,4.57579714,1.353506248
1450919_at,17524,Mpp1,2,12,17.03424299,0.000312,0.035575812,1.7041998,1.7041998,1.215928,1.7041998,11.22200458,13.31591721,18.93437404,1.68725417
1450921_at,66408,Aptx,2,12,22.46025676,0.0000878,0.016161985,1.9390948,1.9390948,1.1392235,1.9390948,7.195970981,8.081325124,9.494416431,1.319407271
1450970_at,14718,Got1,2,12,16.6506816,0.000345,0.037990976,-2.3588066,2.3588066,-1.0205754,-2.3588066,8.773984642,9.785828441,11.36898521,1.295760784
1451006_at,22436,Xdh,2,12,16.22396409,0.000387,0.040324772,1.5042721,1.5042721,1.0174478,1.5042721,10.92112142,11.99576827,14.52439422,1.329936154
1451064_a_at,107272,Psat1,2,12,16.11915274,0.000398,0.040324772,2.7130177,2.7130177,-1.1064554,2.7130177,5.848646056,7.064655409,7.920452188,1.35423688
1451210_at,50784,Ppap2c,2,12,27.36722086,0.0000338,0.009117416,1.8543063,1.8543063,1.0924897,1.8543063,8.986050408,9.819276398,11.09277224,1.23444358
1451297_at,268756,Gulo,2,12,14.67385149,0.000598,0.048211819,-1.7625908,1.7625908,-1.2946588,-1.7625908,13.40331073,16.41548388,24.79887741,1.850205364
1451373_at,105887,Ugt3a1,2,12,18.66891673,0.000207,0.026767512,2.075034,2.075034,1.6511483,2.075034,2.85699969,4.605077011,21.87002143,7.654891076
1451392_at,232089,Elmod3,2,12,37.93984865,0.00000648,0.003399726,1.6491477,1.6491477,1.2572567,1.6491477,9.607886881,11.15836715,13.69557927,1.425451761
1451421_a_at,66049,Rogdi,2,12,29.80665581,0.0000221,0.007031092,1.6682998,1.6682998,1.0896531,1.6682998,10.07290391,11.02840768,12.4513484,1.23612302
1451471_at,67417,Ears2,2,12,16.06630898,0.000404,0.040594684,1.6386689,1.6386689,1.0778922,1.6386689,9.27278124,10.45660447,12.57783983,1.356425813
1451488_at,68680,Fitm1,2,12,23.04660828,0.0000777,0.015037138,4.412767,4.412767,2.6428611,4.412767,1.438933609,2.128639872,4.101209289,2.8501727
1451555_at,75805,Nln,2,12,44.40777068,0.00000284,0.002173986,2.0064647,2.0064647,1.0811645,2.0064647,8.30820682,9.145258324,9.66765885,1.163627611
1451559_a_at,28200,Dhrs4,2,12,54.34871652,0.000000966,0.00109265,1.8341342,1.8341342,1.4489497,1.8341342,11.27685928,13.26997536,16.37365525,1.451969457
1451814_a_at,53415,Htatip2,2,12,16.23604541,0.000386,0.040324772,1.9609462,1.9609462,1.318063,1.9609462,8.818118825,10.61936122,13.87344752,1.573288793
1451849_a_at,16907,Lmnb2,2,12,17.5228893,0.000275,0.032345842,1.5193589,1.5193589,1.0021222,1.5193589,8.811536809,9.649303137,10.68493207,1.212607096
1452173_at,97212,Hadha,2,12,50.0176249,0.00000151,0.001448931,1.6460395,1.6460395,1.3730962,1.6460395,14.56875553,17.33606277,21.90129032,1.5033055
1452183_a_at,17263,Meg3,2,12,29.81847484,0.0000221,0.007031092,-3.7726092,3.7726092,-2.1572037,-3.7726092,2.71620961,3.633740088,4.959744597,1.825980064
1452260_at,14311,Cidec,2,12,44.0211756,0.00000298,0.002184893,3.9153194,3.9153194,1.2735823,3.9153194,2.83631713,3.509369214,4.163485189,1.467919488
1452298_a_at,17919,Myo5b,2,12,18.00219846,0.000244,0.029904719,1.6580198,1.6580198,1.1008857,1.6580198,9.368406339,10.52919918,12.49785504,1.334042801
1452427_s_at,57874,Ptplad1,2,12,32.25990681,0.0000149,0.005840536,1.5391535,1.5391535,1.149628,1.5391535,15.00246403,16.95614089,20.17169639,1.344558891
1452501_at,13097,Cyp2c38,2,12,14.87078559,0.000565,0.047039158,2.2986085,2.2986085,1.781704,2.2986085,3.025265546,4.822980228,22.29214108,7.368655988
1452771_s_at,74205,Acsl3,2,12,19.47848845,0.000171,0.02434247,1.6887745,1.6887745,1.2769164,1.6887745,8.701547318,10.47792754,13.93965668,1.601974474
1452905_at,17263,Meg3,2,12,18.48566998,0.000216,0.027396775,-3.6845376,3.6845376,-2.4254816,-3.6845376,2.01338821,2.852267355,18.78903541,9.332048
1453232_at,73316,Calr3,2,12,15.79577536,0.000435,0.041797419,2.4406223,2.4406223,1.0226185,2.4406223,5.918684498,6.881945909,7.882882807,1.331864
1453317_a_at,13992,Khdrbs3,2,12,20.01904727,0.00015,0.022747787,1.6079671,1.6079671,1.3750355,1.6079671,10.47748707,13.30948072,19.14869962,1.827604223
1453592_at,109245,Lrrc39,2,12,27.24834871,0.0000345,0.009182803,2.4807808,2.4807808,1.0722425,2.4807808,5.190805753,6.225906549,6.992426567,1.34707922
1453675_at,72472,Slc16a10,2,12,16.90595815,0.000323,0.036329425,-1.6072938,1.6072938,-1.1706504,-1.6072938,8.938366691,10.41583862,13.06092474,1.46122051
1453836_a_at,23945,Mgll,2,12,31.63380769,0.0000164,0.006276864,2.1344783,2.1344783,1.3671584,2.1344783,8.290840595,9.570277742,11.32611053,1.366099179
1454078_a_at,53897,Gal3st1,2,12,42.48298898,0.00000359,0.002321546,1.7386366,1.7386366,1.2116542,1.7386366,6.89131001,7.669333885,8.621447484,1.251060752
1454621_s_at,108958,Fam73b,2,12,27.23621692,0.0000346,0.009182803,1.5555322,1.5555322,1.1243938,1.5555322,13.04523132,14.79270415,17.73798269,1.359729257
1454698_at,57874,Ptplad1,2,12,39.58287524,0.0000052,0.002887464,1.521289,1.521289,1.1460073,1.521289,17.04409541,19.33584963,23.09006062,1.35472491
1454786_at,223739,5031439G07Rik,2,12,53.94837118,0.00000101,0.00109265,2.0157893,2.0157893,1.3374307,2.0157893,7.098952116,8.036298562,9.209687544,1.297330563
1454870_x_at,52710,Slc52a2,2,12,27.74394382,0.0000316,0.008853047,1.7250906,1.7250906,1.161462,1.7250906,6.964134785,7.834758319,9.030060434,1.296652163
1454923_at,73473,Iws1,2,12,23.40297885,0.0000722,0.014409113,-1.5057346,1.5057346,-1.0618523,-1.5057346,11.75373017,13.01693142,15.0599047,1.281287258
1454935_at,228859,Fitm2,2,12,31.49917308,0.0000168,0.006306411,1.8195391,1.8195391,1.1575701,1.8195391,9.162062785,10.18472447,11.61759901,1.268011286
1455227_at,320024,Nceh1,2,12,18.12206192,0.000237,0.029423917,2.1789577,2.1789577,1.2097162,2.1789577,6.88917205,7.890892923,9.677494152,1.404739798
1455400_at,69219,Ddah1,2,12,22.37266184,0.0000894,0.016330378,1.5775255,1.5775255,1.2704057,1.5775255,13.57371004,16.55189997,25.82634815,1.902674219
1455419_at,330286,D630045J12Rik,2,12,23.79713005,0.0000667,0.013960649,1.5618498,1.5618498,1.1225947,1.5618498,8.11915627,9.258660497,11.02385161,1.357758275
1455520_at,26931,Ppp2r5c,2,12,32.10455949,0.0000152,0.005926169,2.1603744,2.1603744,1.3160876,2.1603744,5.922686434,6.734070992,7.73866902,1.306614677
1455660_at,12983,Csf2rb,2,12,28.18945134,0.0000292,0.008488877,4.339876,4.339876,1.031301,4.339876,6.125399761,7.207150224,7.971999745,1.301466036
1455752_a_at,66990,Tmem134,2,12,43.88792671,0.00000303,0.002184893,1.52216,1.52216,1.1800381,1.52216,15.89098268,18.08981199,23.14382287,1.456412315
1455777_x_at,15488,Hsd17b4,2,12,21.4228308,0.00011,0.018742005,1.6493658,1.6493658,1.4079323,1.6493658,12.68996685,16.06521825,22.75136292,1.792862282
1455980_a_at,237436,Gas2l3,2,12,16.84790574,0.000328,0.036795036,1.7193812,1.7193812,-1.0167408,1.7193812,6.945184956,7.897639135,8.814839355,1.269201528
1456011_x_at,113868,Acaa1a,2,12,29.01667149,0.0000253,0.00760945,1.7545244,1.7545244,1.2967877,1.7545244,6.488339631,7.816749425,9.470383414,1.459600445
1456074_at,70061,Sdr9c7,2,12,18.5983376,0.000211,0.027023027,-1.8022572,1.8022572,1.0295693,-1.8022572,8.991891111,9.901647126,10.75268302,1.195819977
1456293_s_at,66671,Ccnh,2,12,22.78367006,0.000082,0.015678506,-1.5062721,1.5062721,-1.0859061,-1.5062721,11.86976476,13.33247277,16.17320188,1.362554541
1456315_a_at,30963,Ptpla,2,12,14.52899607,0.000623,0.049060592,1.6694626,1.6694626,1.1429055,1.6694626,11.04392391,13.00376429,16.45231416,1.489716364
1456424_s_at,18830,Pltp,2,12,19.92022362,0.000154,0.0231281,2.4677544,2.4677544,1.0098174,2.4677544,7.615916733,8.500926275,9.346689676,1.227257335
1456541_x_at,108888,Atad3a,2,12,20.2723141,0.000142,0.02191396,1.6825256,1.6825256,1.1391922,1.6825256,9.454186276,10.85055004,13.43077601,1.420616816
1456691_s_at,57357,Srd5a3,2,12,16.49290369,0.00036,0.038687551,1.6567724,1.6567724,1.1164712,1.6567724,8.843228904,10.11316025,12.45659167,1.408602197
1457302_at,100502938,BC035532,2,12,21.24497548,0.000114,0.019055107,-1.6585745,1.6585745,1.0847869,-1.6585745,9.299632131,10.23193205,11.05829478,1.189110991
1459679_s_at,17912,Myo1b,2,12,19.82010107,0.000157,0.023592804,-1.813564,1.813564,1.0428761,-1.813564,9.499399787,10.40850119,11.41804566,1.201975484
1459686_at,,,2,12,17.36486861,0.000287,0.033333575,1.5567029,1.5567029,1.1624748,1.5567029,7.703506835,9.038196845,11.37307466,1.476350305
1460205_at,68087,Dcakd,2,12,25.05077884,0.0000521,0.012228057,1.5848206,1.5848206,1.0543114,1.5848206,10.18730684,10.99185776,12.26619338,1.204066351
1460599_at,226090,Ermp1,2,12,35.17594056,0.00000957,0.004427737,1.5218532,1.5218532,-1.0597494,1.5218532,9.921093303,10.25159259,10.81863153,1.090467674
