Probe.ID,Gene.ID,Gene.Symbol,bmr,bmr_value,adversity_value,model,prior_weight,posterior_weight,bmdl,bmd,bmdu,Unadjusted.P-Value ,Adjusted.P-Value ,Max.Fold.Change ,Max.Fold.Change Unsigned,FC Dose Level 1,FC Dose Level 2,FC Dose Level 3,FC Dose Level 4,FC Dose Level 5,FC Dose Level 6,FC Dose Level 7
NAMPT_28431,,nampt,CentralTendencyRelativeChange,,0.1,Model average,1,1,33.02706568,45.17393049,76.75052321,0.000252,0.002725456,-1.7449462,1.7449462,1.0406848,-1.0208621,-1.1255985,-1.0593221,-1.2285471,-1.7449462,-1.2635455
ALB_217,213,alb,CentralTendencyRelativeChange,,0.1,Model average,1,1,37.55298048,43.55525636,57.28672606,0.0000266,0.000444,-1.5831908,1.5831908,1.046131,1.0398735,1.0782768,-1.0005084,-1.0575093,-1.4307989,-1.5831908
RPL11_5914,6135,rpl11,CentralTendencyRelativeChange,,0.1,Model average,1,1,34.69001684,41.33454861,53.06793939,0.000816,0.007056661,1.5371178,1.5371178,1.0639609,1.1389543,1.1236553,1.0894414,1.0949154,1.11505,1.5371178
ADH1A_126,124,adh1a,CentralTendencyRelativeChange,,0.1,Model average,1,1,34.76607155,40.69758427,49.76627087,0.0000692,0.000898,-1.6351404,1.6351404,-1.0125271,-1.0761178,-1.0977874,-1.1662453,-1.1404543,-1.1508574,-1.6351404
HSPE1_27335,,hspe1,CentralTendencyRelativeChange,,0.1,Model average,1,1,33.49076778,39.63121101,49.13589284,0.0000736,0.000948,1.5040921,1.5040921,1.0753256,1.1621712,1.0470511,1.0877252,1.0693011,1.1823039,1.5040921
BAX_28222,581,bax,CentralTendencyRelativeChange,,0.1,Model average,1,1,27.39673011,37.60897439,62.76420851,0.001099314,0.009163104,1.5591147,1.5591147,1.1928989,1.28871,1.190974,1.1762182,1.3721172,1.5591147,1.4604852
CYP3A5_28493,1577,zscan25;cyp3a5,CentralTendencyRelativeChange,,0.1,Model average,1,1,22.75351014,36.65042551,107.0751703,0.002425071,0.01709048,2.2781162,2.2781162,-1.247188,-1.29992,-1.5974774,1.0716491,1.3774508,2.2781162,1.1706256
SAT1_6103,,sat1,CentralTendencyRelativeChange,,0.1,Model average,1,1,30.84148177,36.29524127,44.87190047,0.000356,0.003613521,-1.5678717,1.5678717,1.0502801,-1.0471576,-1.0317556,-1.0861079,-1.0939401,-1.358862,-1.5678717
HMGCS2_16503,3158,hmgcs2,CentralTendencyRelativeChange,,0.1,Model average,1,1,29.48342607,35.96202191,46.6584155,5.79E-09,0.000000338,1.8525543,1.8525543,-1.0676547,-1.1396267,1.0054938,1.1508392,1.3283721,1.8525543,1.4597864
CAV1_20077,857,cav1,CentralTendencyRelativeChange,,0.1,Model average,1,1,21.81477902,35.24193015,122.695839,0.004934852,0.030562437,1.7321507,1.7321507,-1.0652769,1.7321507,-1.0173638,-1.1491034,-1.1260607,-1.4128731,-1.1770959
EIF3E_2094,3646,eif3e,CentralTendencyRelativeChange,,0.1,Model average,1,1,28.87804988,34.71715137,44.02298748,0.0000149,0.00028,1.587265,1.587265,1.1072963,1.091954,1.112526,1.1975406,1.2465451,1.2858568,1.587265
CYP2A6_28673,,cyp2a6,CentralTendencyRelativeChange,,0.1,Model average,1,1,23.43262057,34.53518916,86.41844713,0.00000136,0.0000364,-2.1573534,2.1573534,-1.258326,-1.9699239,-2.0420225,-1.6085869,-1.9784037,-1.21665,-2.1573534
ACAT1_22692,38,acat1,CentralTendencyRelativeChange,,0.1,Model average,1,1,29.1080023,34.47697345,42.60105475,0.0000209,0.000363,1.5237195,1.5237195,1.1300136,1.0215263,1.0909793,1.1374998,1.1374682,1.3073007,1.5237195
SAT1_17598,,sat1,CentralTendencyRelativeChange,,0.1,Model average,1,1,28.88869536,34.25318946,43.15252039,0.000618,0.005676018,-1.5648607,1.5648607,-1.0004476,1.0111406,-1.0253623,-1.1137534,-1.1699139,-1.359092,-1.5648607
RPL4_5948,,rpl4,CentralTendencyRelativeChange,,0.1,Model average,1,1,29.26705037,33.20408727,38.74219646,6.97E-08,0.00000308,1.7089006,1.7089006,1.0726299,1.2022045,1.1643143,1.1177568,1.0895594,1.3347458,1.7089006
RPL19_5921,,rol19,CentralTendencyRelativeChange,,0.1,Model average,1,1,28.87740159,32.94487597,38.60327163,3.91E-09,0.000000237,1.7290721,1.7290721,1.1282767,1.1458337,1.18891,1.1255287,1.2206391,1.2104194,1.7290721
RPLP0_20556,,rplp0,CentralTendencyRelativeChange,,0.1,Model average,1,1,27.74872262,32.92930379,41.61929179,0.0000022,0.000053,1.6482073,1.6482073,1.1535095,1.1969804,1.2008034,1.2389904,1.1817547,1.1662916,1.6482073
RPS25_5991,,rps25,CentralTendencyRelativeChange,,0.1,Model average,1,1,28.56793066,32.70570898,39.31785692,0.0000425,0.000619,1.5190812,1.5190812,1.1153514,1.102349,1.1354175,1.0047257,1.0928127,1.088692,1.5190812
RPL3_5932,,rpl3,CentralTendencyRelativeChange,,0.1,Model average,1,1,28.42101189,32.59938456,39.27139355,0.00000147,0.0000382,1.6846312,1.6846312,1.1695852,1.2273855,1.2054145,1.070764,1.1778754,1.123705,1.6846312
RPS6_6014,,rps6,CentralTendencyRelativeChange,,0.1,Model average,1,1,27.5624412,32.55216762,40.50519996,0.00000154,0.0000393,1.6993232,1.6993232,1.1970785,1.295175,1.1728237,1.1611775,1.1280866,1.2502619,1.6993232
UGT1A10_28864,54577,ugt1a7;ugt1a8;ugt1a10;ugt1a3;ugt1a6;ugt1a5;ugt1a4;ugt1a9;ugt1a1,CentralTendencyRelativeChange,,0.1,Model average,1,1,25.64638109,31.31610668,41.21699726,0.00000829,0.000169,1.6684817,1.6684817,-1.2586813,-1.1573131,-1.0755154,-1.2072031,-1.0494174,1.6684817,1.4518471
SSB_23767,,ssb,CentralTendencyRelativeChange,,0.1,Model average,1,1,25.37461988,31.29118921,41.98774198,0.00151831,0.012130834,1.501287,1.501287,1.1018136,1.0464118,1.0702099,1.1525956,1.1489283,1.227242,1.501287
MDM2_23384,4193,mdm2,CentralTendencyRelativeChange,,0.1,Model average,1,1,23.26721106,30.75655323,46.33634343,0.002451368,0.017146123,1.8457605,1.8457605,1.0670974,1.0720168,-1.0362517,1.2609156,1.1517334,1.8457605,1.4901185
RPL28_12205,,rpl28,CentralTendencyRelativeChange,,0.1,Model average,1,1,26.39758296,30.57652388,37.29246796,0.0000245,0.000418,1.6979073,1.6979073,1.0331506,1.1357162,1.1350864,1.1345448,1.127245,1.1463959,1.6979073
RPS3_25124,,rps3,CentralTendencyRelativeChange,,0.1,Model average,1,1,23.87023269,30.40113178,43.1161568,0.0000898,0.001138112,1.6500409,1.6500409,1.2165977,1.1736714,1.2639682,1.2238297,1.311874,1.2632031,1.6500409
CCT6A_22369,,cct6a,CentralTendencyRelativeChange,,0.1,Model average,1,1,26.1469519,30.34254878,36.6810557,0.0000257,0.000433,1.6014,1.6014,1.1062449,1.1193347,1.0860382,1.1067613,1.082056,1.2962611,1.6014
RPL24_5926,,rpl24,CentralTendencyRelativeChange,,0.1,Model average,1,1,26.12695805,30.33647681,38.723259,0.000276,0.002945977,1.6128416,1.6128416,1.1179844,1.1740702,1.1821555,1.1693339,1.1974227,1.0208966,1.6128416
UQCRC1_13094,7384,uqcrc1,CentralTendencyRelativeChange,,0.1,Model average,1,1,26.53713889,29.91356048,34.82733773,3.51E-08,0.00000174,1.5488915,1.5488915,-1.0084758,1.0138237,1.0567023,-1.019938,1.2043449,1.2627431,1.5488915
CYP2A6_1709,,cyp2a6,CentralTendencyRelativeChange,,0.1,Model average,1,1,19.77155336,29.86495497,89.96315616,0.000242,0.002652127,-2.0512419,2.0512419,-1.2548771,-1.8698989,-1.9074527,-1.6635864,-1.7518959,-1.1318572,-2.0512419
CCT5_23696,,cct5,CentralTendencyRelativeChange,,0.1,Model average,1,1,24.76882959,28.64932282,34.17491919,0.00000332,0.0000743,1.6396614,1.6396614,1.0641382,1.0258789,1.1378984,1.0906634,1.1840333,1.2429312,1.6396614
HDAC2_2900,3066,hdac2,CentralTendencyRelativeChange,,0.1,Model average,1,1,22.38765473,28.24045194,39.47077597,0.007840535,0.044204396,1.5541795,1.5541795,1.1134928,1.0685557,1.0415982,1.0943531,1.188492,1.2586763,1.5541795
CCT7_1100,,cct7,CentralTendencyRelativeChange,,0.1,Model average,1,1,22.79707571,28.13356163,40.29565419,0.002086706,0.015508016,1.6175443,1.6175443,1.0475624,1.2420315,1.1159565,1.2415562,1.1888499,1.0493234,1.6175443
MBNL2_4059,10150,mbnl2,CentralTendencyRelativeChange,,0.1,Model average,1,1,23.12324751,27.93807209,36.30100516,0.002793925,0.018798629,1.6063427,1.6063427,-1.0002109,1.0767169,-1.0183145,1.0388813,-1.013186,1.5046152,1.6063427
RPS18_5982,,rps18,CentralTendencyRelativeChange,,0.1,Model average,1,1,23.25524269,27.81475298,35.2551354,0.000375,0.003760578,1.7068492,1.7068492,1.1042219,1.2236291,1.1238618,1.0999331,1.0517328,1.2189941,1.7068492
RPL15_14976,,rpl15,CentralTendencyRelativeChange,,0.1,Model average,1,1,23.22699398,27.8069152,35.44051511,0.002587138,0.017772988,1.711908,1.711908,1.0718864,1.1065528,1.0602903,1.0842893,1.0251061,1.2000424,1.711908
QARS_32281,,qars,CentralTendencyRelativeChange,,0.1,Model average,1,1,20.39021754,27.55427682,45.96143037,0.002170194,0.015840476,1.5134908,1.5134908,1.2775327,1.0613011,1.2171314,1.2695472,1.3028702,1.4181641,1.5134908
SNHG8_6618,100093630,snhg8,CentralTendencyRelativeChange,,0.1,Model average,1,1,24.28605809,27.5445377,33.24987121,0.000601,0.005584881,1.6092186,1.6092186,1.0875504,1.1888919,1.1173705,1.0733066,1.0275642,1.0630687,1.6092186
AKR1C2_28246,1646,akr1c2,CentralTendencyRelativeChange,,0.1,Model average,1,1,22.13456826,27.47640817,39.57460273,0.001560982,0.012329492,1.5255588,1.5255588,-1.293386,-1.1061031,-1.3079896,-1.4049033,-1.2638438,1.0033836,1.5255588
CYP4A11_15140,,cyp4a11,CentralTendencyRelativeChange,,0.1,Model average,1,1,23.91102687,27.13057453,44.43945244,1.48E-09,0.000000101,1.5178216,1.5178216,1.0060728,1.078616,1.0807272,1.1879704,1.3696179,1.5178216,-1.2519275
UGT2B7_21389,7364,ugt2b7,CentralTendencyRelativeChange,,0.1,Model average,1,1,24.10491724,27.11200706,31.08034233,2.24E-09,0.000000141,-1.9449139,1.9449139,-1.1280395,-1.0708255,-1.0277591,-1.3105756,-1.2749898,-1.6625992,-1.9449139
MAP4K4_3985,9448,map4k4,CentralTendencyRelativeChange,,0.1,Model average,1,1,20.98631872,26.9666857,41.55499087,0.007687062,0.043629827,1.6436979,1.6436979,1.2825024,-1.0180792,1.192431,1.2003955,1.1018183,1.1439282,1.6436979
RPL8_5955,,rpl8,CentralTendencyRelativeChange,,0.1,Model average,1,1,22.96246693,26.33353514,31.3233209,0.000000029,0.00000153,1.7720385,1.7720385,1.0599742,1.2155422,1.2091638,1.1019112,1.2826818,1.3453302,1.7720385
TBP_28217,6908,tbp,CentralTendencyRelativeChange,,0.1,Model average,1,1,16.65579175,26.23489396,73.90115683,0.00749018,0.043030123,1.728639,1.728639,1.1993588,1.0973742,1.021047,1.2564442,1.728639,1.5904027,1.3879753
RPL35_21373,,rpl35,CentralTendencyRelativeChange,,0.1,Model average,1,1,22.87984761,26.13651662,30.81058521,5.38E-08,0.00000259,1.8003484,1.8003484,1.1013097,1.1681882,1.219997,1.0934672,1.2858908,1.3874354,1.8003484
C1QBP_10605,,c1qbp,CentralTendencyRelativeChange,,0.1,Model average,1,1,21.06248862,26.07658308,35.01683987,0.0000177,0.000319,1.6019558,1.6019558,-1.0595287,1.1144236,1.154592,1.2395082,1.3376083,1.3804361,1.6019558
RPL32_27803,,rpl32,CentralTendencyRelativeChange,,0.1,Model average,1,1,22.47157271,25.9576608,32.55258796,0.00241591,0.01709048,1.6634841,1.6634841,1.0553207,1.1773788,1.087646,1.0619323,1.1392592,1.0491961,1.6634841
RPL29_12206,,rpl29,CentralTendencyRelativeChange,,0.1,Model average,1,1,22.47536153,25.75117442,30.52174872,0.00000284,0.0000645,1.7470907,1.7470907,1.0440763,1.065474,1.1430476,1.0897287,1.180706,1.2834383,1.7470907
RABGGTB_28610,,rabggtb,CentralTendencyRelativeChange,,0.1,Model average,1,1,20.98585549,25.45967299,32.65299285,0.001060421,0.008932237,1.5010642,1.5010642,1.0530459,1.0510541,-1.0504245,1.0335006,1.0542738,1.3863761,1.5010642
PGM3_5099,5238,pgm3,CentralTendencyRelativeChange,,0.1,Model average,1,1,21.36153264,25.42378093,32.24085803,0.000717,0.006343332,1.5869985,1.5869985,-1.0091807,1.0085791,1.1607147,1.0774872,1.0703549,1.3078071,1.5869985
TMEM97_7217,27346,tmem97,CentralTendencyRelativeChange,,0.1,Model average,1,1,20.63142709,25.39065465,34.10597851,0.000303,0.003138376,-1.8624498,1.8624498,-1.0952526,1.0190073,1.0025231,-1.0363935,-1.1452295,-1.8624498,-1.5393671
PRELID3B_6554,51012,prelid3b;slmo2-atp5e,CentralTendencyRelativeChange,,0.1,Model average,1,1,21.53118994,25.24712377,30.99443828,0.00000209,0.000051,1.6697991,1.6697991,1.2320735,1.1826847,1.1422092,1.1598986,1.0604298,1.4553264,1.6697991
CRELD2_1561,79174,creld2,CentralTendencyRelativeChange,,0.1,Model average,1,1,19.96993417,25.24490866,36.57953173,0.000158,0.001861484,1.6884357,1.6884357,1.2773638,1.2240813,1.2922152,1.2357925,1.2190461,1.2010471,1.6884357
SULT1A1_27920,6817,sult1a1;slx1b-sult1a4;sult1a4;slx1a-sult1a3;sult1a3,CentralTendencyRelativeChange,,0.1,Model average,1,1,18.68335697,25.08745911,38.78799631,0.004225483,0.026986972,1.7476226,1.7476226,1.2786669,1.1326288,1.0866486,1.2598537,1.1188546,1.7476226,1.5238067
EPHX2_18456,2053,ephx2,CentralTendencyRelativeChange,,0.1,Model average,1,1,21.87029452,25.07569155,29.80229813,0.000167,0.001932454,-1.5999726,1.5999726,1.0412368,1.0097206,1.024403,-1.0139457,1.0543557,-1.2184577,-1.5999726
TTR_7397,7276,ttr,CentralTendencyRelativeChange,,0.1,Model average,1,1,19.35148947,24.96756442,41.84964585,1.89E-15,7.71E-13,-2.9267495,2.9267495,1.0325552,-1.0019215,-1.0385201,-1.0102746,-1.311079,-2.3730261,-2.9267495
ATF5_501,22809,atf5,CentralTendencyRelativeChange,,0.1,Model average,1,1,19.97653854,24.89998517,33.69781347,0.000718,0.006343332,1.860941,1.860941,1.0912577,-1.2568662,1.0926104,1.2539757,1.1893682,1.2995024,1.860941
ARRDC4_12510,91947,arrdc4,CentralTendencyRelativeChange,,0.1,Model average,1,1,20.24990606,24.8474322,32.60337138,0.0007,0.006255033,-1.9221913,1.9221913,-1.2024707,-1.1665777,-1.2277653,-1.2145607,-1.3951997,-1.3569618,-1.9221913
ASS1_10887,445,ass1,CentralTendencyRelativeChange,,0.1,Model average,1,1,21.05187292,24.18060926,28.92478441,0.0000337,0.00052,1.727684,1.727684,1.0830293,-1.0668279,-1.0545341,-1.0100276,-1.0311105,1.261169,1.727684
GJB2_2653,2706,gjb2,CentralTendencyRelativeChange,,0.1,Model average,1,1,20.58763613,24.1580334,29.59401344,0.000000115,0.00000427,1.6872346,1.6872346,1.0841482,1.0850515,1.2661735,1.1774893,1.2869836,1.4342363,1.6872346
EIF2S1_2085,1965,eif2s1,CentralTendencyRelativeChange,,0.1,Model average,1,1,20.26804459,24.1422833,30.39998882,0.000557,0.00523435,1.5831374,1.5831374,1.1036768,1.0428672,1.1033511,1.1355375,1.0673757,1.4271933,1.5831374
MAPK3_28956,5595,mapk3,CentralTendencyRelativeChange,,0.1,Model average,1,1,19.95970941,24.03565954,30.70908512,0.000124,0.001529623,1.5729657,1.5729657,1.0463239,1.0138696,-1.0709494,1.154845,1.196811,1.2808088,1.5729657
ETFA_2244,2108,etfa,CentralTendencyRelativeChange,,0.1,Model average,1,1,21.41551699,24.00421963,27.6496497,0.00000003,0.00000153,1.8023977,1.8023977,-1.029259,-1.0515479,1.0215473,1.0565807,1.1603773,1.5218371,1.8023977
EIF4B_2106,,eif4b,CentralTendencyRelativeChange,,0.1,Model average,1,1,21.22361708,23.97325171,28.63247935,0.0000459,0.000658,1.8042741,1.8042741,1.2405565,1.0184464,1.1638548,1.173846,1.1390694,1.0996656,1.8042741
STRBP_13783,55342,strbp,CentralTendencyRelativeChange,,0.1,Model average,1,1,17.32291742,23.87574961,40.98886414,0.005541377,0.033187368,1.5167924,1.5167924,1.0107887,1.2422749,-1.0147979,1.0789195,1.3926892,1.5167924,1.4173436
PPARA_17989,5465,ppara,CentralTendencyRelativeChange,,0.1,Model average,1,1,18.51749664,23.7863982,40.56078363,0.000665,0.00600648,1.702903,1.702903,-1.0089169,-1.0075796,1.0041277,1.1000746,1.3708466,1.702903,1.480449
HSPA5_14023,3309,hspa5,CentralTendencyRelativeChange,,0.1,Model average,1,1,19.95536421,23.77924601,33.28986517,0.008445405,0.046807586,1.8661333,1.8661333,1.2194351,1.0485284,1.1740835,1.1624931,1.1965832,1.0284523,1.8661333
RPL7A_5954,6130,rpl7a,CentralTendencyRelativeChange,,0.1,Model average,1,1,20.32942087,23.74114095,29.01599722,0.00000799,0.000166,1.7155433,1.7155433,1.0525013,1.1923723,1.099875,1.1208296,1.2311201,1.4444139,1.7155433
RPS7_6021,,rps7,CentralTendencyRelativeChange,,0.1,Model average,1,1,19.55590546,23.72154823,30.92489412,0.0000533,0.000751,1.9239494,1.9239494,1.1430544,1.3055596,1.1843369,1.2449187,1.2520484,1.2622516,1.9239494
PDLIM1_5041,9124,pdlim1,CentralTendencyRelativeChange,,0.1,Model average,1,1,20.41290597,23.60496587,29.95408353,0.00078,0.006781215,1.6528945,1.6528945,1.2309399,1.1711448,1.1077286,1.0594982,1.150286,1.0730352,1.6528945
PSMA4_10918,5685,psma4,CentralTendencyRelativeChange,,0.1,Model average,1,1,21.49201957,23.42575165,28.29519001,0.004923188,0.030562437,1.5447187,1.5447187,-1.0269469,1.1000509,-1.0178958,-1.0187945,-1.1068664,-1.0669563,1.5447187
RPS13_5977,,rps13,CentralTendencyRelativeChange,,0.1,Model average,1,1,21.94481724,23.42448578,26.46459951,0.000635,0.005763597,1.5711076,1.5711076,1.0229806,1.1403087,1.1131727,1.0629697,1.0929954,-1.0458426,1.5711076
RAN_5725,,ran,CentralTendencyRelativeChange,,0.1,Model average,1,1,21.01827949,23.20588825,27.63142078,0.000929,0.007998206,1.8006198,1.8006198,1.0655621,1.1420588,1.1527976,1.1221982,1.1970096,-1.0047815,1.8006198
APOA1_26063,,apoa1,CentralTendencyRelativeChange,,0.1,Model average,1,1,21.63861574,23.15438023,24.97241137,5.27E-12,4.96E-10,-2.5034049,2.5034049,-1.118686,-1.0153979,1.056374,-1.1206644,-1.0925692,-1.6472161,-2.5034049
DDC_18548,1644,ddc,CentralTendencyRelativeChange,,0.1,Model average,1,1,20.81268132,22.97174934,25.99931938,0.0000199,0.000351,-1.6052356,1.6052356,1.0260732,-1.0265393,-1.0151106,1.079756,1.053908,-1.127464,-1.6052356
RPS5_6011,6193,rps5,CentralTendencyRelativeChange,,0.1,Model average,1,1,19.29818952,22.90532698,28.46146318,0.0000419,0.000617,1.8707564,1.8707564,1.1178966,1.1684362,1.1987263,1.1287221,1.2651912,1.3789403,1.8707564
EEF1B2_14833,,eef1b2,CentralTendencyRelativeChange,,0.1,Model average,1,1,21.26823023,22.55950971,24.54451422,0.00000202,0.00005,1.7900113,1.7900113,1.1724277,1.2410758,1.082305,1.0282103,-1.0245445,1.0994134,1.7900113
FABP1_11582,2168,fabp1,CentralTendencyRelativeChange,,0.1,Model average,1,1,18.29321258,22.48675325,30.02323987,0.005882273,0.034720276,2.153304,2.153304,-1.2587528,1.142139,1.0492982,-1.1325314,1.002258,1.5644615,2.153304
AGL_162,178,agl,CentralTendencyRelativeChange,,0.1,Model average,1,1,14.81637652,22.47729186,67.36966875,0.000204,0.002283342,-2.0039563,2.0039563,-1.0219383,-1.1587564,-1.0737451,-1.2008748,-1.1900395,-2.0039563,-1.3942611
EEF2_2042,1938,eef2,CentralTendencyRelativeChange,,0.1,Model average,1,1,20.02047786,22.06940959,24.8606572,8.01E-12,6.89E-10,2.2111156,2.2111156,1.2305945,1.0944818,1.2341504,1.2106458,1.2772202,1.5684501,2.2111156
RRP1B_6038,23076,rrp1b,CentralTendencyRelativeChange,,0.1,Model average,1,1,13.03057778,22.00067696,117.92615,0.004925421,0.030562437,-2.2269535,2.2269535,-1.423132,1.3194761,-1.521819,-1.1935334,-2.2269535,-1.1172777,1.2367127
ATF4_500,,atf4,CentralTendencyRelativeChange,,0.1,Model average,1,1,21.12399521,21.94040745,23.25946228,0.00000688,0.000146,1.7044792,1.7044792,1.0700741,-1.0444533,1.0139229,-1.0296999,-1.0064267,1.0400969,1.7044792
EIF2S2_2088,8894,eif2s2,CentralTendencyRelativeChange,,0.1,Model average,1,1,18.44335384,21.86640106,27.99356531,0.002479511,0.017172214,1.6339146,1.6339146,-1.0732119,-1.1481364,-1.0305382,-1.054879,1.0763308,1.0680416,1.6339146
RPL9_5956,6133,rpl9,CentralTendencyRelativeChange,,0.1,Model average,1,1,20.8548495,21.80964546,23.48769692,0.000539,0.005095594,1.7178458,1.7178458,1.053916,1.0799809,1.0061892,-1.0553486,1.0258179,-1.0425102,1.7178458
IKBIP_27347,121457,ikbip,CentralTendencyRelativeChange,,0.1,Model average,1,1,17.27099229,21.62908703,29.95919993,0.005496687,0.033162669,1.5982897,1.5982897,-1.0045165,1.2277544,1.148696,1.07968,1.0506105,1.3611451,1.5982897
NME1_27589,654364,nme1-nme2;nme1,CentralTendencyRelativeChange,,0.1,Model average,1,1,18.27607789,21.43154973,26.26979815,0.0000136,0.000261,1.9753393,1.9753393,1.0240874,1.2736833,1.163978,1.2265972,1.1781176,1.2409297,1.9753393
GNPDA1_28283,10007,gnpda1,CentralTendencyRelativeChange,,0.1,Model average,1,1,15.6982311,21.40275136,36.93141557,0.002847204,0.019000729,1.597647,1.597647,1.324262,-1.3493315,1.01513,1.1173254,1.2684668,1.1649575,1.597647
PLP2_5208,5355;4007,plp2;prickle3,CentralTendencyRelativeChange,,0.1,Model average,1,1,17.94423769,21.39773539,28.82267964,0.003828651,0.024939621,1.8315324,1.8315324,1.1057343,1.1821351,1.1380177,1.1767879,1.2763631,1.0709275,1.8315324
DDC_27100,1644,ddc,CentralTendencyRelativeChange,,0.1,Model average,1,1,18.85360159,21.24903357,25.29763158,0.002824004,0.018923141,-1.6586709,1.6586709,1.0856872,-1.0984854,-1.088194,-1.0456961,-1.0598412,-1.0470356,-1.6586709
MRPS17_4291,51373,mrps17,CentralTendencyRelativeChange,,0.1,Model average,1,1,19.5362703,21.14787605,24.88807591,0.00211671,0.015659825,1.5586978,1.5586978,1.0716115,-1.197935,-1.0465487,-1.0639577,1.0451018,-1.1231916,1.5586978
AHCY_174,,ahcy,CentralTendencyRelativeChange,,0.1,Model average,1,1,17.73543382,20.9003344,26.06801116,0.000135,0.001634224,1.6112869,1.6112869,-1.0569475,1.1025429,1.1482754,-1.014121,-1.0015069,1.3725122,1.6112869
DPM2_1947,8818,dpm2,CentralTendencyRelativeChange,,0.1,Model average,1,1,13.94382408,20.76232666,48.8984514,0.001527665,0.012130834,1.9345356,1.9345356,1.09149,1.7907137,-1.0575513,1.1997354,1.0328736,1.9345356,1.4432704
PRSS8_18105,5652,prss8,CentralTendencyRelativeChange,,0.1,Model average,1,1,17.2278918,20.66479203,27.92928125,0.008695944,0.047871609,1.690931,1.690931,1.0792444,1.0245926,1.2166138,1.0316689,1.0873567,1.1096095,1.690931
RPS2_5983,6187,rps2,CentralTendencyRelativeChange,,0.1,Model average,1,1,17.42736526,20.62152979,25.93810244,0.0000321,0.0005,1.8752755,1.8752755,1.073494,1.0368731,1.148346,1.1971259,1.3634716,1.6312333,1.8752755
HERPUD1_2924,9709,herpud1,CentralTendencyRelativeChange,,0.1,Model average,1,1,18.39326418,20.49754739,23.37997648,0.00000245,0.0000573,1.8312757,1.8312757,1.0812113,1.0551251,1.0853237,1.0439173,1.0121554,1.200576,1.8312757
SHB_27848,6461,shb,CentralTendencyRelativeChange,,0.1,Model average,1,1,16.6497531,20.46871434,27.22090066,0.00000464,0.000102,2.1030498,2.1030498,1.2473857,-1.0017679,1.1509883,1.182479,1.0963892,2.1030498,1.6646732
P4HA2_4889,8974,p4ha2,CentralTendencyRelativeChange,,0.1,Model average,1,1,17.23642039,20.4363526,25.42727337,0.0000802,0.001024637,1.6433622,1.6433622,-1.0446024,1.2292364,1.1162598,1.0360699,1.0198821,1.2516028,1.6433622
CCNH_1083,,ccnh,CentralTendencyRelativeChange,,0.1,Model average,1,1,16.61833355,20.35106693,26.98234765,0.000529,0.005030025,1.6389533,1.6389533,-1.1468928,1.2713566,-1.0228714,1.0809643,1.0113678,1.2326779,1.6389533
SLC35B1_6471,10237,slc35b1,CentralTendencyRelativeChange,,0.1,Model average,1,1,15.36865734,20.26264912,31.57321328,0.001511985,0.012130834,1.6887466,1.6887466,1.0451802,1.3692436,1.3227873,1.1249299,1.3314776,1.433397,1.6887466
BAMBI_634,25805,bambi,CentralTendencyRelativeChange,,0.1,Model average,1,1,16.28182041,20.20130602,27.74561455,0.001372028,0.011189222,1.6968739,1.6968739,1.1926537,1.198737,1.0853969,1.1125165,1.0142028,1.6968739,1.6576279
TIMP1_13877,7076,timp1,CentralTendencyRelativeChange,,0.1,Model average,1,1,17.24443029,20.18098533,24.76089634,0.000278,0.002947438,-2.014793,2.014793,-1.0710902,1.2140222,1.1331096,-1.1756608,-1.1246362,-1.4887086,-2.014793
ACSL1_75,2180,acsl1,CentralTendencyRelativeChange,,0.1,Model average,1,1,17.40811639,20.08994512,23.9766594,0.000000515,0.0000159,2.1110308,2.1110308,1.0877956,-1.0789063,1.0876281,1.2182547,1.3528284,1.692967,2.1110308
ABCC2_22,1244,abcc2,CentralTendencyRelativeChange,,0.1,Model average,1,1,16.55078035,20.0868406,26.24433776,0.000134,0.001634224,1.8025324,1.8025324,-1.227969,-1.0728937,-1.3366573,-1.1843816,-1.0774779,1.8025324,1.664726
SPTAN1_6727,6709,sptan1,CentralTendencyRelativeChange,,0.1,Model average,1,1,15.69882745,19.75095152,27.05585027,0.001065313,0.008932237,1.8088144,1.8088144,1.2925177,1.3229744,1.1024456,1.1905124,1.1949501,1.5165854,1.8088144
MRPL19_4268,9801,mrpl19,CentralTendencyRelativeChange,,0.1,Model average,1,1,15.80054449,19.66237549,26.76392675,0.002338961,0.016846698,1.5741806,1.5741806,-1.047696,1.2462723,-1.0331103,-1.0093395,-1.0821744,1.3358928,1.5741806
GHR_2644,2690,ghr,CentralTendencyRelativeChange,,0.1,Model average,1,1,15.52918827,19.6423321,28.03017258,0.000382,0.003806862,1.570549,1.570549,1.4880288,1.2403032,1.3704593,1.570549,1.2713827,-1.3752314,-1.5230136
UGT2A3_15183,79799,ugt2a3,CentralTendencyRelativeChange,,0.1,Model average,1,1,14.78512556,19.62560411,30.91537371,0.00236606,0.016893047,2.2382047,2.2382047,1.0331894,-1.0026702,1.2301,1.2284505,1.1805928,2.2382047,1.6392778
FMO3_14602,2328,fmo3,CentralTendencyRelativeChange,,0.1,Model average,1,1,19.17087742,19.60732162,19.87566069,4.74E-12,4.84E-10,-2.1926017,2.1926017,-1.0165536,1.0558372,1.0354759,1.0554135,1.0318708,-1.0723974,-2.1926017
ME2_4100,4200,me2,CentralTendencyRelativeChange,,0.1,Model average,1,1,16.01567542,19.58488252,26.21331432,0.002380058,0.016919106,1.7294368,1.7294368,1.246925,1.0790514,1.1982727,1.0377563,1.1409888,1.2055205,1.7294368
H1F0_22378,,h1f0,CentralTendencyRelativeChange,,0.1,Model average,1,1,14.64582619,19.31396552,29.87064208,0.002231358,0.016142786,2.1769989,2.1769989,1.265691,1.0491979,1.1899112,1.2561623,1.4247477,2.1769989,1.7018205
BCL2L1_21647,598,abalon;bcl2l1,CentralTendencyRelativeChange,,0.1,Model average,1,1,16.51855693,19.28074743,23.43060741,0.00000166,0.0000417,2.020002,2.020002,1.1394603,1.143811,1.1727663,1.2494192,1.3305737,1.9018097,2.020002
RPL13A_5916,23521,rpl13a,CentralTendencyRelativeChange,,0.1,Model average,1,1,14.98100666,19.2366183,30.38823964,0.00747112,0.043030123,1.8214134,1.8214134,1.0957687,1.3227838,1.2597221,-1.0231686,1.3569739,1.1526768,1.8214134
AKR1C3_203,8644,akr1c3,CentralTendencyRelativeChange,,0.1,Model average,1,1,16.36836098,19.0221669,23.19828355,0.0000654,0.00087,1.9979334,1.9979334,-1.0624189,-1.1053298,-1.0596597,-1.329182,-1.0984364,1.256553,1.9979334
DPYS_16757,,dpys,CentralTendencyRelativeChange,,0.1,Model average,1,1,18.05835412,18.81153809,19.40341644,5.4E-10,3.84E-08,-2.6575487,2.6575487,-1.0082146,-1.1857721,-1.1386305,-1.0362489,-1.0713558,-1.1313021,-2.6575487
A2M_12371,2,a2m,CentralTendencyRelativeChange,,0.1,Model average,1,1,17.13011635,18.74125601,20.95264904,0.000000678,0.0000201,-2.4507873,2.4507873,1.0335829,1.1707029,1.3421761,1.0680176,1.2402195,-1.2436224,-2.4507873
KRT18_19582,,krt18,CentralTendencyRelativeChange,,0.1,Model average,1,1,15.63479272,18.58400869,23.17717263,0.0000145,0.000276,2.4828243,2.4828243,1.1335104,1.5383397,1.3209249,1.1712308,1.376103,1.7443178,2.4828243
HYOU1_3177,10525,hyou1,CentralTendencyRelativeChange,,0.1,Model average,1,1,17.58394164,18.55903855,19.48484199,0.0000174,0.000316,2.136572,2.136572,1.0894716,1.1972972,1.2249953,-1.0458239,1.191485,-1.0043601,2.136572
TCEAL9_11904,51186,tceal9,CentralTendencyRelativeChange,,0.1,Model average,1,1,16.25019213,18.52827006,22.65077983,0.00017,0.001962001,2.033414,2.033414,1.2894936,-1.0146927,1.2492841,1.205293,1.1909634,1.1244919,2.033414
GATA6_11986,2627,gata6,CentralTendencyRelativeChange,,0.1,Model average,1,1,17.09202811,18.42404692,20.82142172,0.001249856,0.010320778,2.0081215,2.0081215,1.2430758,-1.0381083,1.034023,1.1644381,1.0084578,-1.0541658,2.0081215
AARS_3,,aars,CentralTendencyRelativeChange,,0.1,Model average,1,1,14.30996328,18.30300811,25.64538386,0.000482,0.004658785,1.7470815,1.7470815,1.4042084,-1.0111907,1.2255152,1.1319907,1.2469513,1.6387388,1.7470815
VIMP_7660,,vimp,CentralTendencyRelativeChange,,0.1,Model average,1,1,15.37832661,18.22895468,23.85845273,0.00547434,0.03315017,1.6371921,1.6371921,-1.1184586,-1.091675,1.1055461,-1.0241362,-1.0316982,1.0824614,1.6371921
TRIB3_7337,57761,trib3,CentralTendencyRelativeChange,,0.1,Model average,1,1,16.90521183,18.1295744,18.75368236,0.0000058,0.000125,2.840918,2.840918,1.0055509,1.1532198,1.1800178,-1.0910023,-1.0209708,1.0231557,2.840918
WDR43_7707,23160,wdr43,CentralTendencyRelativeChange,,0.1,Model average,1,1,14.96501499,18.01996119,24.31250866,0.005302277,0.032347846,1.9464818,1.9464818,1.1612723,-1.1074771,1.0986528,1.223473,-1.1008861,1.1636591,1.9464818
HSPD1_3152,,hspd1,CentralTendencyRelativeChange,,0.1,Model average,1,1,15.72357941,17.56248443,19.9347462,8.37E-08,0.00000344,2.3427434,2.3427434,1.0924956,1.0881746,1.0862931,1.1589483,1.1578487,1.3999428,2.3427434
ACADM_22566,34,acadm,CentralTendencyRelativeChange,,0.1,Model average,1,1,14.12660537,17.27947617,22.71384285,0.00033,0.003369959,1.9266182,1.9266182,-1.0430727,-1.0931518,-1.1294487,1.3454245,1.1333402,1.2340566,1.9266182
PSAT1_10692,29968,psat1,CentralTendencyRelativeChange,,0.1,Model average,1,1,14.5872072,17.02400729,21.954806,0.005519076,0.03317533,1.9923414,1.9923414,1.0311085,-1.0119236,1.1953862,1.0059661,-1.1434072,1.1223084,1.9923414
WDR3_10929,10885,wdr3,CentralTendencyRelativeChange,,0.1,Model average,1,1,13.09060986,17.00565433,25.16736544,0.00174754,0.013541361,1.7673293,1.7673293,1.2161981,1.003852,1.1126386,1.4561824,1.0615909,1.5083436,1.7673293
EIF4EBP1_2107,1978,eif4ebp1,CentralTendencyRelativeChange,,0.1,Model average,1,1,14.23619841,16.22523202,19.2285952,0.00000233,0.0000551,2.2460942,2.2460942,1.1299822,-1.1341493,1.0459125,1.2832966,1.1579559,1.2048824,2.2460942
ACSL5_23312,51703,acsl5,CentralTendencyRelativeChange,,0.1,Model average,1,1,14.06918571,16.21380175,19.39899277,0.000047,0.000669,2.003053,2.003053,1.1002375,1.0076469,1.0138667,1.1643794,1.0468901,1.5143875,2.003053
FKBP5_19156,2289,fkbp5,CentralTendencyRelativeChange,,0.1,Model average,1,1,14.14042769,16.00526919,18.64832411,0.0000399,0.000593,-2.1621017,2.1621017,1.0286094,-1.3022575,-1.0198611,-1.0032636,-1.0671291,-1.2876745,-2.1621017
NME2_28197,,nme2,CentralTendencyRelativeChange,,0.1,Model average,1,1,12.91383177,15.89542487,21.15346875,0.0000597,0.000827,2.0337405,2.0337405,1.0159216,1.3940109,1.489956,1.1955965,1.1639503,1.3757355,2.0337405
CD44_1134,960,cd44,CentralTendencyRelativeChange,,0.1,Model average,1,1,13.46252402,15.78747199,19.38811703,0.000245,0.002671677,2.1331842,2.1331842,-1.0269947,1.0501946,1.023035,-1.0142082,1.2424679,1.2241372,2.1331842
GEMIN5_22827,25929,gemin5,CentralTendencyRelativeChange,,0.1,Model average,1,1,12.52069716,15.31623268,20.21021957,0.000136,0.001634224,1.8041387,1.8041387,1.2971319,1.3030024,1.154889,1.2005768,1.1692377,1.6711519,1.8041387
ATIC_507,471,atic,CentralTendencyRelativeChange,,0.1,Model average,1,1,12.35059475,15.22299221,20.23111001,0.004323332,0.027504467,1.9162943,1.9162943,1.0569075,-1.0597427,1.1693645,1.1503848,1.085733,1.489434,1.9162943
NOP56_4635,,nop56,CentralTendencyRelativeChange,,0.1,Model average,1,1,12.54959139,14.92002706,17.93521907,8.97E-08,0.00000358,1.8758446,1.8758446,1.0901308,1.0610868,-1.0114819,1.2876447,1.0434854,1.7695241,1.8758446
CYP4F2_17490,8529,cyp4f2,CentralTendencyRelativeChange,,0.1,Model average,1,1,13.77572433,14.88940838,16.03585991,6.48E-08,0.00000303,-2.810026,2.810026,1.0189339,-1.0647686,-1.1317501,1.0384892,-1.038367,-1.2954584,-2.810026
NR1I3_16711,,nr1i3,CentralTendencyRelativeChange,,0.1,Model average,1,1,13.54504966,14.85975519,16.40076757,0.00022,0.002448166,-3.1075642,3.1075642,-1.0362356,-1.4908367,-1.4479371,-1.2232155,-1.4089699,-1.1057639,-3.1075642
SLC25A6_14758,,slc25a6,CentralTendencyRelativeChange,,0.1,Model average,1,1,11.10421621,14.48261138,20.68548576,0.0000119,0.000234,1.8564336,1.8564336,1.1949383,1.3495027,1.1537802,1.2112414,1.2432357,1.8564336,1.7344995
PXMP2_5641,5827,pxmp2,CentralTendencyRelativeChange,,0.1,Model average,1,1,11.95570805,14.46262916,19.07795585,0.00161313,0.012680134,-1.6515031,1.6515031,1.4075968,-1.0660021,1.1973344,1.0668576,1.0037147,-1.1659544,-1.6515031
EXOSC8_21683,,exosc8,CentralTendencyRelativeChange,,0.1,Model average,1,1,11.38646259,14.40067255,19.93740486,0.007592991,0.043256237,1.6699393,1.6699393,-1.0407364,1.0149046,-1.175854,1.1181113,1.0873998,1.46389,1.6699393
NME1_4611,654364,nme1-nme2;nme1,CentralTendencyRelativeChange,,0.1,Model average,1,1,12.01383788,14.37792513,17.83776587,0.0000133,0.000259,2.0452437,2.0452437,1.0464636,1.2516445,1.3263751,1.1577795,1.2363147,1.680511,2.0452437
IGFBP1_10877,3484,igfbp1,CentralTendencyRelativeChange,,0.1,Model average,1,1,11.01484912,14.3519327,28.081228,0.006031932,0.03534842,2.235538,2.235538,-1.1400974,-1.05893,1.1337516,-2.063316,-2.1982899,1.0127434,2.235538
CLDN7_21042,,cldn7,CentralTendencyRelativeChange,,0.1,Model average,1,1,10.94679099,14.25294269,19.98790292,0.000986,0.008443841,1.7165364,1.7165364,1.1761186,-1.0928563,1.0727522,1.0775257,1.2790993,1.7165364,1.6189617
GADD45A_2569,1647,gadd45a,CentralTendencyRelativeChange,,0.1,Model average,1,1,11.25534594,14.22316168,20.0726079,0.005411329,0.032890421,2.0867157,2.0867157,1.1709429,1.1132241,1.0772308,1.265714,1.2671862,1.5120313,2.0867157
ABHD6_45,57406,abhd6,CentralTendencyRelativeChange,,0.1,Model average,1,1,10.89316512,13.82858122,18.9564459,0.000283,0.002987269,1.9509872,1.9509872,1.1954498,-1.2567881,1.2169733,1.2621585,1.3170419,1.5420753,1.9509872
GCLM_25908,2730,gclm,CentralTendencyRelativeChange,,0.1,Model average,1,1,11.77782977,13.82038536,17.02131186,0.000117,0.00144325,2.16609,2.16609,-1.2034166,1.0022832,-1.1079165,-1.2476822,-1.120943,1.4590156,2.16609
CYP2E1_1722,1571,cyp2e1,CentralTendencyRelativeChange,,0.1,Model average,1,1,12.74856101,13.80264688,15.04789663,1.78E-12,1.94E-10,-3.4311614,3.4311614,-1.3635402,-1.2118036,-1.2594361,-1.3352038,-1.2261789,-2.2565444,-3.4311614
HPR_3094,3250,hpr,CentralTendencyRelativeChange,,0.1,Model average,1,1,12.2758511,13.68870578,15.51318389,0.000000151,0.00000549,-2.507819,2.507819,1.1485121,-1.1434715,-1.1088858,-1.066006,-1.1212127,-1.9220858,-2.507819
GCLM_2615,2730,gclm,CentralTendencyRelativeChange,,0.1,Model average,1,1,11.57477404,13.6429762,16.90644982,0.000222,0.002452758,2.052453,2.052453,-1.1122772,1.0245157,-1.008004,-1.1124326,-1.1821766,1.7284054,2.052453
SUPV3L1_6897,6832,supv3l1,CentralTendencyRelativeChange,,0.1,Model average,1,1,10.8607771,13.44061495,18.99431405,0.001914192,0.014422602,1.8371216,1.8371216,1.1826111,-1.0584818,-1.1092124,-1.1838751,-1.3656799,1.2752129,1.8371216
FN1_13666,2335,fn1,CentralTendencyRelativeChange,,0.1,Model average,1,1,10.75675067,13.41503971,17.15077498,1.62E-09,0.000000106,-2.7270694,2.7270694,-1.09619,1.2131934,1.1196722,-1.3248513,-1.3458408,-2.0895252,-2.7270694
HIST1H2BD_18171,,hist1h2bd,CentralTendencyRelativeChange,,0.1,Model average,1,1,11.75472461,13.15730642,14.94512304,9.68E-08,0.00000377,-2.508507,2.508507,-1.1150808,-1.2445352,-1.2640309,-1.2983046,-1.1754813,-1.9585879,-2.508507
ZFAND1_22534,79752,zfand1,CentralTendencyRelativeChange,,0.1,Model average,1,1,10.38577285,12.93913769,17.99411536,0.008635051,0.047696989,1.8995024,1.8995024,1.1414071,1.0342658,-1.2027271,1.0588006,-1.0877787,1.3015587,1.8995024
LDLR_19353,3949,ldlr,CentralTendencyRelativeChange,,0.1,Model average,1,1,10.27855033,12.69552693,16.92352964,0.003153445,0.020874018,-1.9671762,1.9671762,-1.0161107,-1.0663295,1.0572388,-1.2009705,-1.0880319,-1.9671762,-1.8276217
LEPROTL1_21732,23484,leprotl1,CentralTendencyRelativeChange,,0.1,Model average,1,1,10.2808797,12.67745637,16.70163737,0.002152943,0.015785031,1.8793844,1.8793844,1.083262,-1.0541059,1.1194745,1.172015,1.0963247,1.6745683,1.8793844
IGFBP1_3266,3484,igfbp1,CentralTendencyRelativeChange,,0.1,Model average,1,1,10.55923862,12.58253867,16.68150867,0.002358495,0.016893047,2.9303405,2.9303405,-1.1018282,1.0932548,1.1691091,-1.547292,-1.6020421,1.2333708,2.9303405
INSIG1_3385,3638,insig1,CentralTendencyRelativeChange,,0.1,Model average,1,1,10.74529609,12.13867604,13.55897838,1.56E-08,0.000000879,-4.8899307,4.8899307,-1.0566547,1.0656974,1.1570745,1.1203674,1.1893077,-1.5042034,-4.8899307
ENOPH1_2156,58478,enoph1,CentralTendencyRelativeChange,,0.1,Model average,1,1,9.631356693,12.03141739,16.09791221,0.0000575,0.000804,1.8811444,1.8811444,1.3478084,-1.0181701,1.0704709,1.2228876,1.3412758,1.7067612,1.8811444
CYP39A1_17915,51302,cyp39a1,CentralTendencyRelativeChange,,0.1,Model average,1,1,10.04794964,11.93466467,15.0955276,0.000302,0.003138376,-2.2542448,2.2542448,-1.1617872,-1.0185201,-1.1523324,-1.2603673,-1.5593059,-1.3154209,-2.2542448
EIF4EBP1_28851,,eif4ebp1,CentralTendencyRelativeChange,,0.1,Model average,1,1,9.923102293,11.92826139,14.9879534,0.0000634,0.000863,2.4415584,2.4415584,1.107517,1.1717163,1.2768509,1.3101863,1.3329377,1.6182196,2.4415584
PAFAH1B3_28382,5050,pafah1b3,CentralTendencyRelativeChange,,0.1,Model average,1,1,9.517565565,11.92642679,16.21603346,0.000436,0.004246762,2.0804632,2.0804632,1.2204863,1.1423122,1.4120324,1.3072098,1.282811,1.778605,2.0804632
TES_7031,26136,tes,CentralTendencyRelativeChange,,0.1,Model average,1,1,9.58912079,11.87721564,16.38914199,0.001909362,0.014422602,2.1471617,2.1471617,1.1438189,1.3775164,1.1692358,1.1047662,-1.1132973,1.5012919,2.1471617
CCL15_25622,348249,ccl15;ccl15-ccl14,CentralTendencyRelativeChange,,0.1,Model average,1,1,10.60601923,11.83111106,13.3926008,0.000000112,0.00000425,2.7959902,2.7959902,-1.0424943,1.0438838,1.0704921,-1.1574033,1.0295808,1.6118962,2.7959902
MDM2_27497,4193,mdm2,CentralTendencyRelativeChange,,0.1,Model average,1,1,8.404906948,11.57958702,19.72404974,0.004558407,0.028887582,2.4143672,2.4143672,-1.2205117,1.2172207,-1.0478997,1.3338417,1.141581,2.4143672,1.631956
BMF_16921,90427,bmf,CentralTendencyRelativeChange,,0.1,Model average,1,1,8.622002633,11.45710596,17.167043,0.005623387,0.03355561,1.7633908,1.7633908,1.127078,-1.1112684,-1.0715201,1.2506752,1.3109292,1.7633908,1.7414962
LSS_14888,4047,lss,CentralTendencyRelativeChange,,0.1,Model average,1,1,10.10732001,11.37851385,12.63427493,0.0000298,0.000469,-2.955205,2.955205,-1.0038513,1.3635306,1.0948596,1.1426895,1.1658368,-1.2181963,-2.955205
GLUD1_2678,2746,glud1,CentralTendencyRelativeChange,,0.1,Model average,1,1,8.926677683,10.95111722,14.59453076,0.006099047,0.035614079,-2.0901842,2.0901842,1.0877414,-1.468731,1.0145998,-1.1206392,-1.285171,-1.6083168,-2.0901842
CDK4_1203,1019,tspan31;cdk4,CentralTendencyRelativeChange,,0.1,Model average,1,1,7.409139656,10.82646496,18.05077042,7.67E-08,0.0000033,1.81345,1.81345,1.1273519,1.031343,-1.0419642,1.1601813,1.3101823,1.6830596,1.81345
ABCB1_12,5243,abcb1,CentralTendencyRelativeChange,,0.1,Model average,1,1,9.44722664,10.74300219,12.51392804,0.00000117,0.0000324,2.2722394,2.2722394,-1.0274055,-1.0191569,1.0602907,1.0021272,-1.0429461,1.8483404,2.2722394
ALAS1_28273,211,alas1,CentralTendencyRelativeChange,,0.1,Model average,1,1,8.537259246,10.6109124,13.10852166,9.73E-13,1.25E-10,2.201289,2.201289,1.060673,-1.0104958,1.0323927,1.110667,1.2282013,1.806562,2.201289
ANO10_292,55129,ano10,CentralTendencyRelativeChange,,0.1,Model average,1,1,8.158000431,10.47755912,15.1060109,0.000586,0.00547158,1.9690548,1.9690548,-1.1890645,1.0998892,1.1566416,1.5900117,1.2328035,1.2991554,1.9690548
FKBP4_2433,,fkbp4,CentralTendencyRelativeChange,,0.1,Model average,1,1,7.55452976,10.37789883,16.98870656,0.007901387,0.044242358,2.1156416,2.1156416,1.1199957,1.065949,-1.0630536,1.2191453,1.3058,2.1156416,1.581867
CD320_1116,51293,cd320,CentralTendencyRelativeChange,,0.1,Model average,1,1,8.129770408,10.3366727,14.75610752,0.000177,0.002018488,2.294666,2.294666,1.5554335,1.42785,1.3602087,1.3725622,1.1823845,1.9774898,2.294666
HP_3085,3240,hp,CentralTendencyRelativeChange,,0.1,Model average,1,1,8.883462698,10.26757427,11.96092042,0.00000141,0.0000371,-2.69577,2.69577,1.2100778,1.0611093,1.1340927,1.2054185,1.1004452,-2.356673,-2.69577
FPGS_27241,2356,fpgs,CentralTendencyRelativeChange,,0.1,Model average,1,1,7.585458931,10.06136028,15.44275788,0.0000273,0.000447,2.0312421,2.0312421,1.1213202,1.0847783,1.2704611,1.2183082,1.2898265,2.0312421,1.8208789
TMEM126A_24438,84233,tmem126a,CentralTendencyRelativeChange,,0.1,Model average,1,1,7.404392053,9.922305192,16.11593766,0.001848924,0.014126126,1.718659,1.718659,1.302751,-1.0298871,1.0351785,1.4540474,1.3058393,1.4849634,1.718659
SLC22A1_19293,,slc22a1,CentralTendencyRelativeChange,,0.1,Model average,1,1,8.940766118,9.911715643,11.16706469,0.000000499,0.0000157,-3.507044,3.507044,1.1279866,-1.2703817,-1.181718,-1.2222375,-1.2658232,-1.5959496,-3.507044
MYC_4394,4609,myc,CentralTendencyRelativeChange,,0.1,Model average,1,1,8.023689147,9.896095864,13.16611819,0.0000944,0.001178009,2.8987107,2.8987107,1.2045455,1.3381523,1.6293501,1.3902581,1.3326858,1.9435709,2.8987107
LRRFIP2_14725,9209,lrrfip2,CentralTendencyRelativeChange,,0.1,Model average,1,1,6.41677333,9.787202449,18.56434532,0.004223552,0.026986972,-1.6837857,1.6837857,-1.038721,-1.3365928,-1.1246737,-1.0535417,-1.5247735,-1.6837857,-1.4896473
MAPK1_3989,5594,mapk1,CentralTendencyRelativeChange,,0.1,Model average,1,1,6.746734176,9.689786588,20.25533037,0.009068558,0.04942364,1.595223,1.595223,1.2958082,-1.2395657,-1.2495846,1.4394283,1.2750994,1.4946679,1.595223
PHGDH_5113,26227,phgdh,CentralTendencyRelativeChange,,0.1,Model average,1,1,7.714661586,9.643546376,12.82226827,0.000258,0.002773039,2.4475284,2.4475284,1.2636161,-1.0310414,1.2511201,1.216944,1.1566068,2.4475284,2.2030256
GOT1_2737,2805,got1,CentralTendencyRelativeChange,,0.1,Model average,1,1,6.92455456,9.44271452,14.49638421,0.0000386,0.000584,2.6690636,2.6690636,1.1605763,1.2692993,1.1995605,-1.1006165,1.2752799,2.6690636,1.7172866
CMSS1_22063,84319,cmss1,CentralTendencyRelativeChange,,0.1,Model average,1,1,8.030492971,9.395546689,11.47629097,0.0000285,0.000458,2.5762558,2.5762558,1.2949195,1.025139,-1.1113573,1.1329256,-1.0027514,1.4462316,2.5762558
ABCC2_26620,1244,abcc2,CentralTendencyRelativeChange,,0.1,Model average,1,1,7.227289846,9.309321928,12.7501986,0.000000235,0.00000818,2.3147135,2.3147135,-1.3634113,-1.1066911,-1.4990963,-1.257079,1.0001501,2.3147135,1.6614313
METRN_4129,79006,metrn,CentralTendencyRelativeChange,,0.1,Model average,1,1,7.198571311,9.289636198,13.54495584,0.000528,0.005030025,2.2794676,2.2794676,-1.0216122,1.6073358,1.4137322,1.3392133,1.3648919,1.4454387,2.2794676
FMO5_11213,2330,fmo5,CentralTendencyRelativeChange,,0.1,Model average,1,1,8.583814043,9.282620399,10.13176994,2.44E-10,1.82E-08,-3.4440994,3.4440994,-1.0828682,1.1291691,-1.0207758,-1.2001051,-1.3334119,-1.7742578,-3.4440994
TXNRD1_7440,7296,txnrd1,CentralTendencyRelativeChange,,0.1,Model average,1,1,7.929704028,9.228058779,11.15407915,0.0000617,0.000848,3.3653147,3.3653147,-1.0213501,1.0580708,1.1220962,-1.0407784,-1.0918,1.88362,3.3653147
DHCR7_17139,,dhcr,CentralTendencyRelativeChange,,0.1,Model average,1,1,7.94186301,9.078476132,10.61483715,0.000165,0.001929216,-2.760877,2.760877,-1.0456063,1.6936213,1.0989996,1.1631776,1.2762425,-1.3082814,-2.760877
ALDOC_233,230,aldoc,CentralTendencyRelativeChange,,0.1,Model average,1,1,7.763461959,9.011109858,10.98191362,0.005185562,0.031832618,-2.4530013,2.4530013,1.3070613,1.0787683,1.1432111,1.1587423,1.1798844,-1.318759,-2.4530013
AKR1B10_19908,57016,akr1b10,CentralTendencyRelativeChange,,0.1,Model average,1,1,7.128818855,8.874931751,11.62707191,0.000000457,0.0000153,2.8296053,2.8296053,-1.1528486,1.3346769,1.138952,1.0276558,1.2443666,2.8296053,2.5515041
NUDCD3_4752,23386,nudcd3,CentralTendencyRelativeChange,,0.1,Model average,1,1,5.746774028,8.522796327,20.10653743,0.005990989,0.035234773,2.1649492,2.1649492,-1.3407944,1.0841585,-1.3623644,1.5005955,1.2388135,2.1649492,1.4459797
ARHGEF2_423,9181,arhgef2,CentralTendencyRelativeChange,,0.1,Model average,1,1,7.175726084,8.402070637,10.24106838,0.0000931,0.001171489,3.0910747,3.0910747,1.0598842,-1.0165429,-1.0847958,1.1869277,1.1626526,1.447672,3.0910747
TRUB2_16962,26995,trub2,CentralTendencyRelativeChange,,0.1,Model average,1,1,6.384689873,8.14144915,11.33440216,0.000726,0.006380974,2.2234075,2.2234075,1.3276699,-1.0553504,1.3014073,1.1380455,1.4567195,2.2234075,2.177396
ISG20_11135,3669,isg20,CentralTendencyRelativeChange,,0.1,Model average,1,1,5.876355405,8.111257816,16.14880656,0.001656011,0.012954915,2.1068459,2.1068459,-1.4397607,1.5655648,1.166175,-1.7993044,-1.9670017,1.5038038,2.1068459
B3GALT6_19453,126792,b3galt6,CentralTendencyRelativeChange,,0.1,Model average,1,1,5.682819814,7.981360693,14.8860024,0.004043849,0.026133177,2.2499342,2.2499342,1.7512492,-1.632206,1.4567277,1.063957,1.6275373,2.2499342,2.2120695
TNFRSF21_7250,27242,tnfrsf21,CentralTendencyRelativeChange,,0.1,Model average,1,1,6.737398785,7.927110449,9.670247011,0.0000286,0.000458,3.0705435,3.0705435,-1.1322074,1.1844947,1.1936735,-1.1874703,1.0679735,1.8623445,3.0705435
GGH_2639,8836,ggh,CentralTendencyRelativeChange,,0.1,Model average,1,1,5.914613664,7.813039949,10.14767434,1.33E-12,1.55E-10,-2.1483834,2.1483834,1.104603,-1.0108272,1.038304,-1.0302765,-1.1291385,-2.0168104,-2.1483834
SQSTM1_6740,8878,sqstm1,CentralTendencyRelativeChange,,0.1,Model average,1,1,6.119139347,7.538683317,9.854779884,0.0000273,0.000447,3.4889815,3.4889815,1.1192763,1.184759,1.2545587,1.2014449,1.4448932,3.4889815,3.306882
AFP_158,174,afp,CentralTendencyRelativeChange,,0.1,Model average,1,1,6.215768755,7.316787448,8.810095026,0.002489183,0.017172214,-3.0357635,3.0357635,-1.1759604,1.4506738,1.3892108,1.207854,1.35035,-1.5081258,-3.0357635
CIDEC_20342,63924,cidec,CentralTendencyRelativeChange,,0.1,Model average,1,1,6.331137731,7.265993329,8.557544824,0.00000105,0.0000295,3.9176755,3.9176755,1.2402171,1.0190767,1.0154874,1.1721677,1.2050118,1.6699084,3.9176755
GDF15_18329,9518,gdf15,CentralTendencyRelativeChange,,0.1,Model average,1,1,6.237002181,7.211414486,8.48330587,0.000000208,0.0000074,4.702979,4.702979,1.1634637,1.2903625,1.6500496,1.338515,1.3392966,2.8114026,4.702979
GSTA2_2817,2939,gsta2,CentralTendencyRelativeChange,,0.1,Model average,1,1,6.152198089,7.186767026,8.69804957,0.0000162,0.000302,-7.0330286,7.0330286,-1.8445444,-1.1537528,-1.8049898,-2.0810616,-2.6978986,-2.5384743,-7.0330286
ACOX1_20713,51,acox1,CentralTendencyRelativeChange,,0.1,Model average,1,1,3.776770326,6.783826249,14.37034145,0.00000122,0.0000332,2.323155,2.323155,1.0545634,-1.020858,1.0457811,1.2898325,1.4035972,2.323155,1.802978
RPP40_27808,10799,rpp40,CentralTendencyRelativeChange,,0.1,Model average,1,1,5.137181691,6.717953414,10.28808818,0.005198354,0.031832618,2.4694555,2.4694555,1.0092648,1.3214868,-1.4241817,1.0110012,1.0028044,1.7676752,2.4694555
ACAT2_56,39,acat2,CentralTendencyRelativeChange,,0.1,Model average,1,1,5.482542793,6.384442292,7.446503184,4.41E-13,7.21E-11,-4.0616426,4.0616426,-1.1782017,1.1036688,1.0055555,-1.0878035,-1.1782835,-3.0305293,-4.0616426
SLC51A_15250,200931,slc51a,CentralTendencyRelativeChange,,0.1,Model average,1,1,5.12960178,6.363875421,8.079896294,6.72E-08,0.00000305,2.664571,2.664571,-1.1615887,-1.281035,-1.104433,-1.0651184,1.1102016,2.664571,2.4323575
SNAI2_24257,6591,snai2,CentralTendencyRelativeChange,,0.1,Model average,1,1,4.966967282,6.248090489,8.852242853,0.002770108,0.018793053,-2.7175212,2.7175212,-1.4053719,1.6510327,-1.2454866,-1.5094697,-1.4536793,-2.622594,-2.7175212
TSKU_7371,25987,tsku,CentralTendencyRelativeChange,,0.1,Model average,1,1,4.927521153,6.24796892,7.956570479,5.27E-11,4.31E-09,2.7358103,2.7358103,-1.4314706,-1.5688224,-1.5884038,-1.3686595,-1.1634119,2.7358103,2.6849873
DDIT3_16736,1649,ddit3,CentralTendencyRelativeChange,,0.1,Model average,1,1,5.009692789,6.234240782,8.263240438,0.000192,0.00217747,3.007846,3.007846,1.0555174,-1.3033086,-1.4276783,1.3414514,1.2517811,2.3283577,3.007846
TSC22D3_7366,1831,tsc22d3,CentralTendencyRelativeChange,,0.1,Model average,1,1,4.312374751,5.7643926,8.506745876,0.000327,0.003361411,-3.2873795,3.2873795,-1.0958672,-1.3237019,1.0067271,-1.3197056,-1.0557331,-3.2873795,-1.8810767
FN1_27231,2335,fn1,CentralTendencyRelativeChange,,0.1,Model average,1,1,3.775448538,5.739002448,9.790436759,2.62E-08,0.00000143,-3.4097247,3.4097247,-1.2090175,1.009457,-1.1107955,-1.660958,-1.7003615,-2.8148372,-3.4097247
SGK2_10628,10110,sgk2,CentralTendencyRelativeChange,,0.1,Model average,1,1,4.519312386,5.455815191,6.802811428,0.0000393,0.000589,3.0266585,3.0266585,-1.3179898,1.0742357,-1.0532478,1.0229815,1.3160098,2.5570066,3.0266585
HERC5_11373,51191,herc5,CentralTendencyRelativeChange,,0.1,Model average,1,1,3.627452857,5.30569029,12.93977496,0.005039002,0.031089692,-2.603071,2.603071,-2.603071,-1.5621103,1.0431492,1.1771325,1.1178633,1.8705424,2.5200655
RFNG_5813,5986,rfng,CentralTendencyRelativeChange,,0.1,Model average,1,1,3.400060243,5.169773896,9.669438614,0.003505173,0.023108704,1.727189,1.727189,1.3661083,1.0620145,1.2175655,1.4833544,1.5963658,1.3884218,1.727189
EBP_2015,10682,ebp,CentralTendencyRelativeChange,,0.1,Model average,1,1,3.456055355,5.160678723,7.239612589,4.36E-14,7.93E-12,-2.7108557,2.7108557,-1.0548123,-1.0791937,-1.0102133,-1.1805257,-1.099484,-2.7108557,-2.6670556
SLC27A2_6426,11001,slc27a2,CentralTendencyRelativeChange,,0.1,Model average,1,1,4.121692125,5.139758191,6.620955776,3.95E-14,7.93E-12,3.005956,3.005956,1.1215752,-1.2443143,-1.0292076,1.1180273,1.2145318,2.5380952,3.005956
PEG10_18691,23089,peg10,CentralTendencyRelativeChange,,0.1,Model average,1,1,4.200360829,5.048541549,6.291317632,0.000146,0.001743059,8.51476,8.51476,1.2377645,1.1607746,1.330173,1.3193688,1.5942905,1.9139491,8.51476
CYP3A4_28338,,cyp3a4,CentralTendencyRelativeChange,,0.1,Model average,1,1,4.079999738,4.752516328,5.59451223,2.36E-10,1.82E-08,9.192046,9.192046,-1.2904994,-1.8172337,-1.6809037,1.0826235,1.2451359,6.502268,9.192046
FN1_2459,2335,fn1,CentralTendencyRelativeChange,,0.1,Model average,1,1,2.889141229,4.521527139,7.874541958,8.42E-08,0.00000344,-3.0635226,3.0635226,-1.1304551,1.0256348,-1.0616474,-1.6507205,-1.6729401,-3.0036638,-3.0635226
PI4KA_5128,5297,pi4ka;pi4kap1;pi4kap2,CentralTendencyRelativeChange,,0.1,Model average,1,1,2.710693603,4.489924649,12.79133567,0.002062749,0.015399975,2.273543,2.273543,1.1228255,1.1372449,1.0756359,1.2855508,1.6749729,2.273543,1.6713115
THEM4_24773,117145,them4,CentralTendencyRelativeChange,,0.1,Model average,1,1,3.433999642,4.420381871,6.27513509,0.0000688,0.000898,3.078025,3.078025,1.039879,-1.2315235,-1.551581,1.4837134,1.3583049,3.078025,2.4942043
POR_23019,5447,por,CentralTendencyRelativeChange,,0.1,Model average,1,1,3.317914658,4.256045751,5.741154572,5.46E-12,4.96E-10,3.0324602,3.0324602,1.0597749,-1.3513689,-1.0257239,1.017279,1.3486997,2.7217512,3.0324602
MSMO1_4315,6307,msmo1,CentralTendencyRelativeChange,,0.1,Model average,1,1,3.142579493,3.957512954,5.049310955,3.6E-14,7.93E-12,-7.1550393,7.1550393,-1.1359594,-1.0323852,-1.2723268,-1.3565124,-1.4682971,-5.0171733,-7.1550393
MBL2_16596,4153,mbl2,CentralTendencyRelativeChange,,0.1,Model average,1,1,3.171918514,3.941791866,5.12732406,0.0000168,0.000308,4.6207757,4.6207757,-1.2368926,1.5621647,1.3467966,1.2692598,1.4644527,4.6207757,4.2678733
KNSTRN_3668,90417,knstrn,CentralTendencyRelativeChange,,0.1,Model average,1,1,2.861303448,3.935824382,6.561553968,0.004734348,0.029825458,1.8567079,1.8567079,-1.0340555,1.156705,1.2938511,1.3903234,1.4111049,1.8567079,1.7023156
NDRG1_21187,10397,ndrg1,CentralTendencyRelativeChange,,0.1,Model average,1,1,2.374538033,3.908061847,8.309890215,0.00000873,0.000176,2.7374763,2.7374763,1.0567294,1.0014156,-1.0591604,1.1304775,1.5168004,2.7374763,1.6813093
IFIT2_3222,3433,ifit2,CentralTendencyRelativeChange,,0.1,Model average,1,1,2.987899746,3.872365905,5.651892377,0.000621,0.005676018,2.788172,2.788172,1.3941584,1.13763,1.1707052,1.6479763,1.6390866,2.788172,2.618982
CRP_15847,,crp,CentralTendencyRelativeChange,,0.1,Model average,1,1,2.510483968,3.540763965,6.253843618,0.00067,0.006020396,4.6194153,4.6194153,2.0770278,1.8547624,2.0721116,2.4382415,2.7237546,2.7579846,4.6194153
ACADVL_20681,37,acadvl,CentralTendencyRelativeChange,,0.1,Model average,1,1,2.257407035,3.534270061,6.727513582,0.000000692,0.0000202,2.8887706,2.8887706,-1.1449881,-1.0600737,-1.0228771,1.1295685,1.5313604,2.8887706,1.8333123
HMGCR_3029,3156,hmgcr,CentralTendencyRelativeChange,,0.1,Model average,1,1,2.705368751,3.457261046,4.458679857,6.66E-15,2.18E-12,-4.9071054,4.9071054,-1.2063224,1.047929,-1.032332,-1.4652642,-1.433363,-3.5275486,-4.9071054
FDFT1_2382,2222,fdft1,CentralTendencyRelativeChange,,0.1,Model average,1,1,2.429918525,3.372742294,5.013929423,0.000000945,0.0000271,-2.8488936,2.8488936,-1.1039599,1.0125974,1.0013176,-1.2817905,-1.2889401,-2.8488936,-2.4290364
CYP3A5_27090,1577,cyp3a5,CentralTendencyRelativeChange,,0.1,Model average,1,1,2.607285415,3.270677216,4.332583292,0,0,8.8912525,8.8912525,-1.3063245,-1.6559994,-1.6561658,1.0406587,1.4083148,6.2352962,8.8912525
CYP3A4_20661,,cyp3a4,CentralTendencyRelativeChange,,0.1,Model average,1,1,2.676431029,3.252967204,4.202286021,4.17E-14,7.93E-12,13.617962,13.617962,-1.3938824,-2.4025023,-2.1082695,1.2149389,1.4907362,9.965704,13.617962
CYP51A1_1742,,cyp51a1,CentralTendencyRelativeChange,,0.1,Model average,1,1,2.407230298,3.055698356,4.470051771,0,0,-4.264241,4.264241,-1.0971599,-1.0206826,-1.0431037,-1.1411638,-1.27543,-4.264241,-3.7751737
AMDHD2_248,51005,amdhd2,CentralTendencyRelativeChange,,0.1,Model average,1,1,1.96466709,3.016075676,6.167795057,0.007537977,0.043092981,2.2372484,2.2372484,1.3091694,1.3216974,1.1382028,1.9983283,1.8247968,1.9660445,2.2372484
HADHA_2875,3030,hadha,CentralTendencyRelativeChange,,0.1,Model average,1,1,2.136494614,2.945999801,4.306649697,9.96E-13,1.25E-10,2.9399407,2.9399407,1.1206408,-1.0770051,1.1383597,1.3268249,1.570085,2.511178,2.9399407
PLIN2_21957,123,plin2,CentralTendencyRelativeChange,,0.1,Model average,1,1,2.282553848,2.801675358,3.497908009,0,0,6.2409825,6.2409825,1.1718086,-1.140299,1.2786936,1.5835195,2.0035276,3.938728,6.2409825
IDI1_12170,,idi1,CentralTendencyRelativeChange,,0.1,Model average,1,1,2.145067822,2.75282939,3.662830391,5.1E-13,7.58E-11,-7.3359356,7.3359356,-1.278445,-1.0489465,-1.1763076,-1.483502,-1.5981016,-6.7245126,-7.3359356
MAPK12_25181,6300,mapk12,CentralTendencyRelativeChange,,0.1,Model average,1,1,1.586005833,2.106774844,3.669012879,0.000147,0.001743059,3.3297272,3.3297272,1.0770493,1.8260367,1.4999806,1.8360089,1.6640412,3.3297272,2.7813067
ABCC3_26788,8714,abcc3,CentralTendencyRelativeChange,,0.1,Model average,1,1,1.046601591,2.052403361,4.593631911,0.0000229,0.000394,2.9829814,2.9829814,-1.0167983,1.2480807,1.1163023,1.3926606,1.6818457,2.9829814,1.8336135
UGT2B7_7548,7364,ugt2b7,CentralTendencyRelativeChange,,0.1,Model average,1,1,1.236903834,1.888653221,3.166423865,0.000000479,0.0000157,-3.8315237,3.8315237,-1.1614915,-1.1050273,-1.2543414,-1.7264179,-1.9154414,-3.8315237,-3.6646025
FAH_2303,2184,fah,CentralTendencyRelativeChange,,0.1,Model average,1,1,0.908819397,1.815112658,4.73175228,0.0000377,0.000576,3.0815358,3.0815358,-1.0473256,1.1981112,1.2623518,1.3288859,1.8818297,3.0815358,1.8225088
RPSA_6025,3921,rpsap9;rpsap58;rpsa,CentralTendencyRelativeChange,,0.1,Model average,1,1,1.017738232,1.488742214,2.93289874,0.005740052,0.034003568,2.6799443,2.6799443,1.4254862,1.459224,1.4058077,1.7029278,2.199431,2.6799443,2.0831764
MCM7_4079,4176,mcm7,CentralTendencyRelativeChange,,0.1,Model average,1,1,0.701440261,1.152410589,2.620737238,0.00002,0.000351,2.8745687,2.8745687,1.0268437,-1.0443901,-1.0157399,1.3805,1.7068819,2.8745687,1.9164945
FGFR2_2417,2263,fgfr2,CentralTendencyRelativeChange,,0.1,Model average,1,1,0.179923684,0.304199022,0.872119443,0.00000066,0.00002,3.3583558,3.3583558,1.5388615,1.5673888,1.7483708,2.1056983,2.0944803,3.3583558,2.4202676
